third_party_domain,tracker_entity,tracker_category,consent_mode,requests,sites_present,resource_types
googletagmanager.com,Google,analytics,accept,400,62,"script,document,image"
googletagmanager.com,Google,analytics,ignore,312,61,"script,document,image"
googletagmanager.com,Google,analytics,reject,340,59,"script,document,image"
google.com,Google,analytics,accept,508,47,"script,stylesheet,fetch,document,image,ping,xhr,other"
google-analytics.com,Google,analytics,accept,159,44,"fetch,script,xhr,image"
doubleclick.net,Google,advertising,accept,233,43,"image,script,other,xhr,ping,document,fetch"
seznam.cz,Seznam.cz,analytics,accept,700,40,"script,document,image,fetch,xhr,ping"
google-analytics.com,Google,analytics,ignore,148,40,"fetch,script,xhr,image"
googlesyndication.com,Google,advertising,accept,219,39,"fetch,script,other,image,xhr,document"
google-analytics.com,Google,analytics,reject,166,39,"fetch,script,xhr,image"
googlesyndication.com,Google,advertising,reject,241,38,"fetch,image,script,document,xhr,other"
googlesyndication.com,Google,advertising,ignore,198,37,"fetch,script,other,document,image,xhr"
gstatic.com,Google,cdn,accept,423,36,"font,image,script,stylesheet,other,ping,fetch"
gstatic.com,Google,cdn,ignore,400,35,"image,script,stylesheet,font,other,ping,fetch"
gstatic.com,Google,cdn,reject,452,34,"font,image,script,stylesheet,other,ping,fetch"
seznam.cz,Seznam.cz,analytics,ignore,710,33,"script,image,document,fetch,xhr,ping"
google.com,Google,analytics,reject,342,33,"script,stylesheet,fetch,document,image,ping,xhr,other"
google.com,Google,analytics,ignore,379,32,"document,stylesheet,script,image,xhr,ping,fetch,other"
gemius.pl,Gemius,analytics,accept,155,32,"script,image,document"
gemius.pl,Gemius,analytics,ignore,148,32,"script,image,document"
seznam.cz,Seznam.cz,analytics,reject,498,31,"fetch,script,document,image,xhr,ping"
googleapis.com,Google,cdn,accept,139,31,"stylesheet,script,other,xhr,document"
gemius.pl,Gemius,analytics,reject,138,31,"script,image,document"
googleapis.com,Google,cdn,ignore,120,30,"stylesheet,script,other,xhr,document"
googleapis.com,Google,cdn,reject,138,29,"stylesheet,script,other,xhr,document"
facebook.net,Meta,advertising,accept,83,29,script
google.cz,,,accept,133,28,image
adform.net,Adform,advertising,accept,254,25,"image,fetch,script,xhr,ping"
doubleclick.net,Google,advertising,reject,154,24,"script,other,xhr,ping,image,document,fetch"
doubleclick.net,Google,advertising,ignore,145,24,"image,script,other,ping,xhr,document,fetch"
jsdelivr.net,,,ignore,37,20,"fetch,script,stylesheet,xhr"
jsdelivr.net,,,accept,36,20,"fetch,script,stylesheet,xhr"
cpex.cz,,,reject,108,19,"script,document"
cpex.cz,,,accept,105,19,"script,document"
cpex.cz,,,ignore,105,19,"script,document"
jsdelivr.net,,,reject,34,19,"fetch,script,stylesheet,xhr"
rubiconproject.com,,,accept,211,18,"fetch,script,document,xhr"
rubiconproject.com,,,ignore,188,18,"script,fetch,xhr,document"
adform.net,Adform,advertising,ignore,186,18,"image,script,fetch,xhr,ping,document"
criteo.com,Criteo,advertising,accept,91,18,"fetch,script,document,xhr,image"
privacy-center.org,,,accept,56,18,"script,xhr"
privacy-center.org,,,reject,56,18,"script,xhr"
privacy-center.org,,,ignore,55,18,"script,xhr"
rubiconproject.com,,,reject,209,17,"fetch,script,xhr,document"
adform.net,Adform,advertising,reject,192,16,"image,fetch,script,xhr,ping"
facebook.net,Meta,advertising,ignore,41,16,"script,image"
performax.cz,,,ignore,265,15,"script,xhr,image,fetch,document,stylesheet"
performax.cz,,,accept,259,15,"script,xhr,image,fetch,document,stylesheet"
performax.cz,,,reject,218,15,"script,xhr,image,fetch,document,stylesheet"
clarity.ms,Microsoft,analytics,accept,147,15,"script,xhr,other"
pubmatic.com,,,accept,110,15,"fetch,document,xhr,script"
facebook.net,Meta,advertising,reject,40,15,"script,image"
imedia.cz,Seznam.cz,advertising,ignore,103,14,"image,document,fetch,script,xhr"
pubmatic.com,,,ignore,74,14,"fetch,xhr,document,script,image"
casalemedia.com,,,accept,22,14,fetch
adnxs-simple.com,,,accept,20,14,"fetch,xhr"
sdn.cz,,,ignore,1215,13,"image,stylesheet,script,xhr,media,font,document"
pubmatic.com,,,reject,112,13,"fetch,xhr,document,script"
criteo.com,Criteo,advertising,ignore,72,13,"fetch,xhr,document,script"
criteo.com,Criteo,advertising,reject,71,13,"fetch,xhr,document,script"
r2b2.cz,R2B2,advertising,reject,48,13,"script,xhr"
r2b2.cz,R2B2,advertising,accept,41,13,"script,xhr"
r2b2.cz,R2B2,advertising,ignore,35,13,"script,xhr"
adnxs-simple.com,,,ignore,19,13,"fetch,xhr"
datachine.com,,,accept,18,13,fetch
sdn.cz,,,accept,1212,12,"image,stylesheet,script,xhr,media,font,document"
imedia.cz,Seznam.cz,advertising,accept,77,12,"image,document,script,fetch,xhr"
casalemedia.com,,,reject,27,12,"fetch,image"
casalemedia.com,,,ignore,20,12,fetch
adnxs-simple.com,,,reject,19,12,"fetch,xhr"
datachine.com,,,ignore,16,12,fetch
sdn.cz,,,reject,1095,11,"image,stylesheet,script,xhr,media,font,document"
szn.cz,,,ignore,73,11,"document,script,fetch,other,stylesheet,image"
szn.cz,,,accept,68,11,"document,script,fetch,other,stylesheet,image"
szn.cz,,,reject,65,11,"document,script,fetch,other,stylesheet,image"
datachine.com,,,reject,16,11,fetch
clarity.ms,Microsoft,analytics,reject,105,10,"script,xhr,other"
clarity.ms,Microsoft,analytics,ignore,93,10,"script,xhr,other"
google.cz,,,reject,81,10,image
google.cz,,,ignore,72,10,image
imedia.cz,Seznam.cz,advertising,reject,47,10,"image,document,fetch,script,xhr"
connectad.io,,,reject,15,10,fetch
connectad.io,,,accept,14,10,fetch
connectad.io,,,ignore,14,10,fetch
teads.tv,,,accept,14,10,fetch
teads.tv,,,ignore,13,10,fetch
cloudflareinsights.com,Cloudflare,analytics,accept,17,9,script
cloudflareinsights.com,Cloudflare,analytics,reject,17,9,script
cloudflareinsights.com,Cloudflare,analytics,ignore,16,9,script
teads.tv,,,reject,12,9,fetch
creativecdn.com,,,accept,93,8,"fetch,xhr,document"
adnxs.com,Xandr,advertising,accept,86,8,"fetch,document,xhr,image,script"
creativecdn.com,,,ignore,98,7,"fetch,xhr"
creativecdn.com,,,reject,98,7,"fetch,xhr"
cloudflare.com,Cloudflare,cdn,reject,72,7,"script,document,image,xhr,fetch,stylesheet"
cloudflare.com,Cloudflare,cdn,accept,71,7,"script,document,image,xhr,fetch,stylesheet"
cloudflare.com,Cloudflare,cdn,ignore,68,7,"script,document,image,xhr,fetch,stylesheet"
ytimg.com,Google,cdn,reject,38,7,image
ytimg.com,Google,cdn,accept,36,7,image
ytimg.com,Google,cdn,ignore,34,7,image
wp.pl,,,accept,11,7,fetch
wp.pl,,,ignore,11,7,fetch
2mdn.net,,,accept,8,7,"image,script"
2mdn.net,,,ignore,8,7,"image,script"
tiktok.com,TikTok,social,accept,134,6,"script,ping"
adnxs.com,Xandr,advertising,ignore,82,6,"xhr,fetch,document,script,image"
getsitecontrol.com,,,reject,26,6,"script,xhr"
getsitecontrol.com,,,accept,25,6,"script,xhr"
getsitecontrol.com,,,ignore,25,6,"script,xhr"
wp.pl,,,reject,15,6,fetch
iinfo.cz,,,reject,264,5,image
iinfo.cz,,,accept,263,5,image
iinfo.cz,,,ignore,260,5,image
adnxs.com,Xandr,advertising,reject,94,5,"xhr,fetch,document,script,image"
bing.com,Microsoft,advertising,accept,27,5,"script,ping,image"
mrf.io,,,accept,27,5,"script,fetch,xhr"
mrf.io,,,reject,27,5,"script,fetch,xhr"
mrf.io,,,ignore,23,5,"script,fetch,xhr"
criteo.net,Criteo,advertising,accept,15,5,"xhr,image,script"
id5-sync.com,,,accept,15,5,"fetch,script,xhr,image"
bing.net,,,accept,13,5,"ping,image,script"
slunecnice.cz,,,accept,8,5,document
twitter.com,Twitter/X,social,accept,8,5,"image,script,document,fetch"
slunecnice.cz,,,ignore,7,5,document
hotjar.com,Hotjar,analytics,accept,6,5,script
slunecnice.cz,,,reject,6,5,document
2mdn.net,,,reject,5,5,"image,script"
1gr.cz,,,accept,579,4,"image,font,stylesheet,script,xhr,document"
1gr.cz,,,ignore,579,4,"image,font,stylesheet,script,xhr,document"
1gr.cz,,,reject,579,4,"image,font,stylesheet,script,xhr,document"
cdn77.org,,,ignore,334,4,"stylesheet,image,script,font"
cdn77.org,,,reject,334,4,"image,script,stylesheet,font"
cdn77.org,,,accept,329,4,"stylesheet,image,script,font"
cncenter.cz,,,accept,111,4,"stylesheet,script,fetch,document,xhr,image,font"
cncenter.cz,,,reject,111,4,"stylesheet,script,document,fetch,xhr,image,font"
cncenter.cz,,,ignore,110,4,"stylesheet,script,document,fetch,xhr,image,font"
smartadserver.com,,,ignore,71,4,"xhr,fetch"
smartadserver.com,,,reject,71,4,"xhr,fetch"
smartadserver.com,,,accept,65,4,"xhr,fetch"
a-mo.net,,,ignore,46,4,"xhr,image,document,fetch"
caroda.io,,,accept,45,4,"script,fetch,image,ping"
onetag-sys.com,,,ignore,45,4,"xhr,document"
onetag-sys.com,,,reject,45,4,"xhr,document"
cookiebot.com,,,accept,42,4,"script,xhr,document,image"
cookiebot.com,,,reject,41,4,"script,xhr,document,image"
caroda.io,,,ignore,39,4,"script,fetch,image,ping"
a-mo.net,,,accept,37,4,"xhr,image,document,fetch"
newsroom.bi,,,accept,36,4,fetch
cxense.com,,,accept,32,4,"script,document,image"
cookiebot.com,,,ignore,31,4,"script,xhr,document,image"
cxense.com,,,reject,31,4,"script,document,image"
licdn.com,LinkedIn,cdn,accept,31,4,"script,stylesheet,image,fetch"
newsroom.bi,,,ignore,31,4,fetch
newsroom.bi,,,reject,30,4,fetch
caroda.io,,,reject,29,4,"script,fetch,image,ping"
us.org,,,ignore,24,4,xhr
us.org,,,accept,21,4,xhr
us.org,,,reject,21,4,xhr
adtrafficquality.google,,,reject,19,4,"script,document,image,xhr"
ggpht.com,Google,cdn,reject,16,4,image
criteo.net,Criteo,advertising,ignore,14,4,"xhr,image,script"
criteo.net,Criteo,advertising,reject,14,4,"xhr,image,script"
bing.net,,,reject,13,4,"ping,image,script"
ggpht.com,Google,cdn,accept,13,4,image
ggpht.com,Google,cdn,ignore,13,4,image
bing.net,,,ignore,12,4,"ping,image,script"
aimatch.com,,,accept,10,4,image
chartbeat.net,,,reject,10,4,image
chartbeat.net,,,accept,9,4,image
chartbeat.net,,,ignore,7,4,image
eu-1-id5-sync.com,,,accept,7,4,fetch
3lift.com,,,accept,5,4,fetch
ads-twitter.com,,,accept,5,4,script
t.co,Twitter/X,social,accept,5,4,image
tiktokw.us,,,accept,4,4,ping
cloudfront.net,Amazon,cdn,reject,472,3,"script,image,stylesheet,other,font,fetch"
cloudfront.net,Amazon,cdn,accept,455,3,"script,stylesheet,image,other,font,fetch"
cloudfront.net,Amazon,cdn,ignore,419,3,"script,image,stylesheet,other,font,fetch"
a-mo.net,,,reject,47,3,"xhr,image,document"
onetag-sys.com,,,accept,39,3,"xhr,document"
360yield-basic.com,,,ignore,35,3,xhr
adobedtm.com,,,accept,30,3,script
cxense.com,,,ignore,23,3,"script,document,image"
luigisbox.tech,,,reject,17,3,"script,xhr,fetch"
typekit.net,Adobe,cdn,accept,17,3,"font,stylesheet"
typekit.net,Adobe,cdn,ignore,17,3,"font,stylesheet"
typekit.net,Adobe,cdn,reject,17,3,"font,stylesheet"
adobedtm.com,,,reject,14,3,script
adtrafficquality.google,,,accept,14,3,"script,document,image,xhr"
adtrafficquality.google,,,ignore,14,3,"xhr,script,document,image"
chartbeat.com,,,ignore,13,3,"script,xhr"
adobedtm.com,,,ignore,12,3,script
chartbeat.com,,,accept,12,3,"script,xhr"
4dex.io,,,accept,11,3,xhr
4dex.io,,,ignore,11,3,xhr
4dex.io,,,reject,11,3,xhr
chartbeat.com,,,reject,11,3,"script,xhr"
aimatch.com,,,ignore,9,3,image
unpkg.com,,,accept,9,3,"script,stylesheet"
unpkg.com,,,ignore,9,3,"script,stylesheet"
unpkg.com,,,reject,9,3,"script,stylesheet"
aimatch.com,,,reject,8,3,image
onetrust.com,,,accept,7,3,xhr
onetrust.com,,,reject,7,3,xhr
idnes.cz,,,accept,6,3,"xhr,script"
idnes.cz,,,ignore,6,3,"xhr,script"
mookie1.com,,,accept,6,3,"image,script"
idnes.cz,,,reject,5,3,"xhr,script"
ltba.io,,,ignore,5,3,script
mookie1.com,,,ignore,5,3,"image,script"
mookie1.com,,,reject,5,3,"image,script"
onetrust.com,,,ignore,5,3,xhr
3lift.com,,,ignore,4,3,fetch
googleadservices.com,Google,advertising,accept,4,3,"fetch,script"
ltba.io,,,accept,4,3,script
ltba.io,,,reject,4,3,script
vshcdn.net,,,accept,494,2,"image,stylesheet,script,fetch"
vshcdn.net,,,reject,494,2,"image,stylesheet,script,fetch"
vshcdn.net,,,ignore,492,2,"image,stylesheet,script,fetch"
youtube.com,Google,social,reject,87,2,"document,stylesheet,script,xhr,image"
amazonaws.com,Amazon,cdn,accept,86,2,"image,xhr"
amazonaws.com,Amazon,cdn,ignore,86,2,"image,xhr"
amazonaws.com,Amazon,cdn,reject,86,2,"image,xhr"
youtube.com,Google,social,accept,79,2,"document,stylesheet,script,image,xhr"
youtube.com,Google,social,ignore,79,2,"document,stylesheet,script,image,xhr"
youtube-nocookie.com,,,accept,54,2,"document,stylesheet,script,image,xhr"
youtube-nocookie.com,,,reject,51,2,"document,stylesheet,script,image,xhr"
youtube-nocookie.com,,,ignore,47,2,"document,stylesheet,script,image,xhr"
tiktok.com,TikTok,social,reject,38,2,"script,ping"
tiktok.com,TikTok,social,ignore,37,2,"script,ping"
luigisbox.com,,,reject,35,2,"ping,script"
360yield-basic.com,,,accept,33,2,xhr
360yield-basic.com,,,reject,33,2,xhr
usercentrics.eu,,,accept,33,2,"script,fetch,image"
cookielaw.org,,,accept,31,2,"script,xhr,fetch,image"
cookielaw.org,,,reject,31,2,"script,xhr,fetch,image"
cookielaw.org,,,ignore,29,2,"script,xhr,fetch,image"
usercentrics.eu,,,ignore,29,2,"script,fetch,image"
usercentrics.eu,,,reject,29,2,"script,fetch,image"
licdn.com,LinkedIn,cdn,reject,28,2,"script,stylesheet,image,fetch"
licdn.com,LinkedIn,cdn,ignore,26,2,"script,stylesheet,image,fetch"
sznplayer.cz,,,accept,24,2,xhr
sznplayer.cz,,,ignore,24,2,xhr
sznplayer.cz,,,reject,22,2,xhr
luigisbox.tech,,,ignore,14,2,"script,xhr"
luigisbox.tech,,,accept,13,2,"script,xhr"
im.cz,Seznam.cz,advertising,ignore,10,2,"document,script"
recaptcha.net,,,reject,10,2,"script,document"
stdout.cz,,,accept,10,2,"script,stylesheet,image"
stdout.cz,,,ignore,10,2,"script,stylesheet,image"
stdout.cz,,,reject,10,2,"script,stylesheet,image"
jhmt.cz,,,accept,9,2,"script,image"
linkedin.com,LinkedIn,social,accept,9,2,"xhr,image,fetch"
onesignal.com,,,accept,9,2,script
onesignal.com,,,ignore,9,2,script
onesignal.com,,,reject,9,2,script
persoo.cz,,,reject,9,2,script
richaudience.com,,,reject,9,2,"xhr,document"
windows.net,,,accept,9,2,image
windows.net,,,ignore,9,2,image
windows.net,,,reject,9,2,image
azure.com,,,accept,8,2,"script,xhr,fetch"
bing.com,Microsoft,advertising,ignore,8,2,script
bing.com,Microsoft,advertising,reject,8,2,script
im.cz,Seznam.cz,advertising,accept,8,2,"document,script"
matomo.cloud,,,accept,8,2,"script,ping"
daktela.com,,,accept,7,2,"script,xhr"
daktela.com,,,ignore,7,2,"script,xhr"
daktela.com,,,reject,7,2,"script,xhr"
googleusercontent.com,Google,cdn,accept,7,2,"fetch,image"
googleusercontent.com,Google,cdn,ignore,7,2,"fetch,image"
googleusercontent.com,Google,cdn,reject,7,2,"fetch,image"
recaptcha.net,,,accept,7,2,"script,document"
360yield.com,,,ignore,6,2,"document,xhr"
recaptcha.net,,,ignore,6,2,"script,document"
richaudience.com,,,ignore,6,2,"xhr,document"
smartlook.com,,,accept,6,2,script
adsafeprotected.com,,,ignore,5,2,"image,script"
jhmt.cz,,,reject,5,2,"script,image"
seznamdiskuze.cz,,,accept,5,2,xhr
seznamdiskuze.cz,,,ignore,5,2,xhr
speedcurve.com,,,accept,5,2,"script,image"
adocean.pl,,,accept,4,2,script
adocean.pl,,,ignore,4,2,script
adocean.pl,,,reject,4,2,script
alza.cz,,,ignore,4,2,"image,script"
lnd.bz,,,accept,4,2,script
lnd.bz,,,ignore,4,2,script
lnd.bz,,,reject,4,2,script
speedcurve.com,,,ignore,4,2,script
speedcurve.com,,,reject,4,2,script
twitter.com,Twitter/X,social,ignore,4,2,"script,document,fetch,image"
twitter.com,Twitter/X,social,reject,4,2,"script,document,fetch,image"
3lift.com,,,reject,3,2,fetch
adactive.cz,,,ignore,3,2,script
adactive.cz,,,reject,3,2,script
alza.cz,,,accept,3,2,"script,image"
eco-cmp.cz,,,ignore,3,2,document
etargetnet.com,,,ignore,3,2,script
id5-sync.com,,,ignore,3,2,"script,fetch"
newrelic.com,New Relic,analytics,reject,3,2,script
pszn.cz,,,ignore,3,2,fetch
seznamdiskuze.cz,,,reject,3,2,xhr
toplist.cz,Seznam.cz,analytics,accept,3,2,image
toplist.cz,Seznam.cz,analytics,ignore,3,2,image
toplist.cz,Seznam.cz,analytics,reject,3,2,image
adactive.cz,,,accept,2,2,script
alza.cz,,,reject,2,2,"script,image"
cdn-apple.com,,,accept,2,2,script
cdn-apple.com,,,ignore,2,2,script
cdn-apple.com,,,reject,2,2,script
eco-cmp.cz,,,accept,2,2,document
eco-cmp.cz,,,reject,2,2,document
etargetnet.com,,,accept,2,2,script
etargetnet.com,,,reject,2,2,script
hotjar.com,Hotjar,analytics,ignore,2,2,script
hotjar.com,Hotjar,analytics,reject,2,2,script
pszn.cz,,,accept,2,2,fetch
pszn.cz,,,reject,2,2,fetch
tiktokw.us,,,ignore,2,2,ping
tiktokw.us,,,reject,2,2,ping
pmgstatic.com,,,ignore,254,1,"stylesheet,script,image,font"
pmgstatic.com,,,reject,254,1,"stylesheet,script,image,font"
pmgstatic.com,,,accept,253,1,"stylesheet,script,image,font"
csu.gov.cz,,,accept,212,1,"document,stylesheet,script,image,other,font,ping,fetch"
csu.gov.cz,,,ignore,212,1,"document,stylesheet,script,image,other,font,ping,fetch"
csu.gov.cz,,,reject,212,1,"document,stylesheet,script,image,other,font,ping,fetch"
mv.gov.cz,,,reject,212,1,"document,stylesheet,script,image,font"
portal.gov.cz,,,accept,212,1,"document,stylesheet,script,image,font,fetch"
portal.gov.cz,,,ignore,212,1,"document,stylesheet,script,image,font,fetch"
portal.gov.cz,,,reject,212,1,"document,stylesheet,script,image,font,fetch"
erstegroup.com,,,ignore,172,1,"font,script,image,stylesheet,xhr,fetch"
erstegroup.com,,,reject,172,1,"font,script,image,stylesheet,xhr,fetch"
erstegroup.com,,,accept,170,1,"font,script,image,stylesheet,xhr,fetch"
msmt.gov.cz,,,accept,161,1,"document,stylesheet,script,image,font"
msmt.gov.cz,,,ignore,161,1,"document,stylesheet,script,image,font"
msmt.gov.cz,,,reject,161,1,"document,stylesheet,script,image,font"
mv.gov.cz,,,accept,159,1,"document,stylesheet,script,image,font"
allegroimg.com,,,reject,156,1,image
allegroimg.com,,,accept,155,1,image
bstatic.com,,,accept,141,1,"stylesheet,script,image"
bstatic.com,,,ignore,141,1,"stylesheet,script,image"
bstatic.com,,,reject,141,1,"stylesheet,script,image"
rb.cz,,,accept,138,1,"document,other,stylesheet,script,image,font,fetch,xhr"
rb.cz,,,reject,138,1,"document,other,stylesheet,script,image,font,fetch,xhr"
msp.gov.cz,,,accept,136,1,"document,stylesheet,script,image,font"
msp.gov.cz,,,ignore,136,1,"document,stylesheet,script,image,font"
msp.gov.cz,,,reject,136,1,"document,stylesheet,script,image,font"
ngacm.com,,,accept,129,1,xhr
allegrostatic.com,,,accept,122,1,"image,stylesheet,script,font,other"
allegrostatic.com,,,reject,122,1,"image,stylesheet,script,font,other"
rb.cz,,,ignore,122,1,"document,other,stylesheet,script,image,font,fetch,xhr"
ngacm.com,,,reject,118,1,xhr
allegroimg.com,,,ignore,114,1,image
allegrostatic.com,,,ignore,110,1,"image,stylesheet,script,font,other"
mv.gov.cz,,,ignore,106,1,"document,stylesheet,script,image,font"
siteone.io,,,ignore,94,1,"script,image,xhr,font,fetch"
mzp.gov.cz,,,accept,88,1,"document,stylesheet,image,script,font"
mzp.gov.cz,,,ignore,88,1,"document,stylesheet,image,script,font"
mzp.gov.cz,,,reject,88,1,"document,stylesheet,image,script,font"
eco-files.cz,,,accept,84,1,"stylesheet,font,script,image"
eco-files.cz,,,ignore,84,1,"stylesheet,font,script,image"
eco-files.cz,,,reject,82,1,"stylesheet,font,script,image"
vut.cz,,,accept,80,1,"document,stylesheet,script,image,other,font"
vut.cz,,,ignore,80,1,"document,stylesheet,script,image,other,font"
vut.cz,,,reject,80,1,"document,stylesheet,script,image,other,font"
ngacm.com,,,ignore,71,1,xhr
mapy.com,,,accept,64,1,"document,stylesheet,script,fetch,xhr,image,font"
mapy.com,,,ignore,64,1,"document,stylesheet,script,fetch,xhr,image,font"
mapy.com,,,reject,64,1,"document,stylesheet,script,fetch,xhr,image,font"
mf.gov.cz,,,accept,62,1,"document,script,stylesheet,image,other"
twimg.com,Twitter/X,cdn,ignore,60,1,"script,image,font"
twimg.com,Twitter/X,cdn,reject,60,1,"script,image,font"
fbcdn.net,Meta,cdn,accept,59,1,"stylesheet,script,image"
fbcdn.net,Meta,cdn,ignore,59,1,"stylesheet,script,image"
fbcdn.net,Meta,cdn,reject,59,1,"stylesheet,script,image"
mf.gov.cz,,,reject,59,1,"document,script,stylesheet,image,other"
twimg.com,Twitter/X,cdn,accept,58,1,"script,image,font"
mf.gov.cz,,,ignore,57,1,"document,script,stylesheet,image,other"
xsd.cz,,,ignore,57,1,"image,stylesheet,script,font"
xsd.cz,,,accept,56,1,"image,stylesheet,script,font"
xsd.cz,,,reject,56,1,"image,stylesheet,script,font"
fin.cz,,,accept,53,1,"image,script,stylesheet,document"
fin.cz,,,reject,53,1,"image,script,stylesheet,document"
siteone.io,,,accept,49,1,"script,image,xhr,font,fetch"
siteone.io,,,reject,49,1,"script,image,xhr,font,fetch"
fin.cz,,,ignore,47,1,"image,script,stylesheet,document"
vzpstatic.cz,,,accept,46,1,"stylesheet,script,image,font"
novydenik.com,,,ignore,45,1,image
vzpstatic.cz,,,ignore,45,1,"stylesheet,script,image,font"
iprima.cz,,,reject,44,1,"document,script,fetch,image"
novydenik.com,,,reject,44,1,image
sgcdn.cz,,,accept,44,1,image
sgcdn.cz,,,ignore,44,1,image
sgcdn.cz,,,reject,44,1,image
vzpstatic.cz,,,reject,43,1,"stylesheet,script,image,font"
pencdn.cz,,,accept,42,1,"image,script,stylesheet,font"
pencdn.cz,,,ignore,42,1,"image,script,stylesheet,font"
pencdn.cz,,,reject,42,1,"image,script,stylesheet,font"
financnisprava.gov.cz,,,accept,32,1,"document,stylesheet,script,image,other"
financnisprava.gov.cz,,,ignore,32,1,"document,stylesheet,script,image,other"
financnisprava.gov.cz,,,reject,32,1,"document,stylesheet,script,image,other"
ijobs.cz,,,accept,30,1,"stylesheet,script,image"
ijobs.cz,,,ignore,30,1,"stylesheet,script,image"
ijobs.cz,,,reject,30,1,"stylesheet,script,image"
cdninstagram.com,,,accept,29,1,"stylesheet,script,image,font"
cdninstagram.com,,,ignore,29,1,"stylesheet,script,image,font"
cdninstagram.com,,,reject,29,1,"stylesheet,script,image,font"
iprima.cz,,,ignore,29,1,"document,script,fetch,image"
iprima.cz,,,accept,26,1,"document,script,fetch,image"
luigisbox.com,,,accept,26,1,ping
luigisbox.com,,,ignore,26,1,ping
cloudimg.io,,,accept,23,1,image
cloudimg.io,,,ignore,23,1,image
cloudimg.io,,,reject,23,1,image
novydenik.com,,,accept,23,1,image
lmc.cz,,,accept,22,1,image
lmc.cz,,,ignore,22,1,image
lmc.cz,,,reject,22,1,image
hptronic.cz,,,accept,20,1,"fetch,xhr,image"
hptronic.cz,,,reject,20,1,"fetch,xhr,image"
rmcl.cz,,,accept,18,1,image
rmcl.cz,,,ignore,18,1,image
rmcl.cz,,,reject,18,1,image
piwik.pro,,,reject,17,1,"script,xhr,ping"
outfindo.com,,,accept,16,1,"script,fetch"
outfindo.com,,,ignore,16,1,"script,fetch"
outfindo.com,,,reject,16,1,"script,fetch"
piwik.pro,,,accept,16,1,"script,xhr,ping"
piwik.pro,,,ignore,16,1,"script,xhr,ping"
hptronic.cz,,,ignore,15,1,"fetch,xhr,image"
awswaf.com,,,accept,14,1,"script,fetch"
captcha-delivery.com,,,accept,14,1,"script,document,stylesheet,image,font"
captcha-delivery.com,,,ignore,14,1,"script,document,stylesheet,image,font"
captcha-delivery.com,,,reject,14,1,"script,document,stylesheet,image,font"
centrum.cz,,,accept,13,1,"fetch,image"
centrum.cz,,,ignore,13,1,"fetch,image"
centrum.cz,,,reject,13,1,"fetch,image"
isds.cz,,,accept,13,1,"script,stylesheet,font,image"
isds.cz,,,ignore,13,1,"script,stylesheet,font,image"
isds.cz,,,reject,13,1,"script,stylesheet,font,image"
clicktale.net,,,accept,12,1,"script,xhr,image"
revive-adserver.net,,,accept,12,1,"script,xhr,image"
revive-adserver.net,,,ignore,12,1,"script,xhr,image"
blob:https://challenges.cloudflare.com/2673b68b-3056-4cfe-8b82-3cc6398e3608,,,reject,11,1,script
blob:https://challenges.cloudflare.com/3e6fb635-429a-423d-8768-e6525b6294bc,,,ignore,11,1,script
blob:https://challenges.cloudflare.com/5b9359cb-13c2-4643-b9c1-aec17327bf7b,,,accept,11,1,script
blob:https://challenges.cloudflare.com/66bbec83-63b5-4b5a-97f1-8408c69af89c,,,ignore,11,1,script
blob:https://challenges.cloudflare.com/b42673bf-3fef-41e3-93d7-ee7b25e8be4a,,,accept,11,1,script
blob:https://challenges.cloudflare.com/c513e647-b60b-4d97-b8d2-4af6c4772c6c,,,reject,11,1,script
blob:https://challenges.cloudflare.com/f1895922-8303-4b09-99c5-36ac323f61a1,,,ignore,11,1,script
x.com,,,accept,11,1,"document,xhr"
x.com,,,ignore,11,1,"document,xhr"
cookiebot.eu,,,reject,10,1,"script,document,xhr"
loggly.com,,,accept,10,1,ping
loggly.com,,,ignore,10,1,ping
x.com,,,reject,10,1,"document,xhr"
loggly.com,,,reject,9,1,ping
awswaf.com,,,ignore,8,1,"script,fetch"
blueridgeloop.com,,,accept,8,1,"script,xhr,image"
blueridgeloop.com,,,ignore,8,1,"script,xhr,image"
blueridgeloop.com,,,reject,8,1,"script,xhr,image"
cookiebot.eu,,,accept,8,1,"script,document,xhr"
cookiebot.eu,,,ignore,8,1,"script,document,xhr"
flagcdn.com,,,accept,8,1,image
flagcdn.com,,,ignore,8,1,image
flagcdn.com,,,reject,8,1,image
jhmt.cz,,,ignore,8,1,"script,image"
npx.cz,,,accept,8,1,script
npx.cz,,,ignore,8,1,script
npx.cz,,,reject,8,1,script
pracecdn.cz,,,accept,8,1,"script,stylesheet,image"
pracecdn.cz,,,ignore,8,1,"script,stylesheet,image"
pracecdn.cz,,,reject,8,1,"script,stylesheet,image"
predu.sk,,,accept,8,1,"script,stylesheet,image"
predu.sk,,,ignore,8,1,"script,stylesheet,image"
primacdn.cz,,,accept,8,1,script
primacdn.cz,,,ignore,8,1,script
primacdn.cz,,,reject,8,1,script
revive-adserver.net,,,reject,8,1,"script,xhr,image"
upscore.com,,,accept,8,1,"script,fetch,ping"
upscore.com,,,ignore,8,1,"script,fetch,ping"
upscore.com,,,reject,8,1,"script,fetch,ping"
nr-data.net,New Relic,analytics,reject,7,1,"xhr,ping"
protechts.net,,,accept,7,1,"document,script,xhr"
protechts.net,,,reject,7,1,"document,script,xhr"
yottlyscript.com,,,accept,7,1,"script,xhr"
awswaf.com,,,reject,6,1,"script,fetch"
cdn-fileserver.com,,,accept,6,1,"image,font,script"
cdn-fileserver.com,,,ignore,6,1,"image,font,script"
cdn-fileserver.com,,,reject,6,1,"image,font,script"
convertexperiments.com,,,accept,6,1,"script,ping"
convertexperiments.com,,,ignore,6,1,"script,ping"
convertexperiments.com,,,reject,6,1,"script,ping"
croapp.cz,,,accept,6,1,"stylesheet,script"
croapp.cz,,,ignore,6,1,"stylesheet,script"
croapp.cz,,,reject,6,1,"stylesheet,script"
googlevideo.com,Google,cdn,accept,6,1,fetch
googlevideo.com,Google,cdn,reject,6,1,fetch
persoo.cz,,,accept,6,1,script
persoo.cz,,,ignore,6,1,script
prodregistryv2.org,,,accept,6,1,fetch
prodregistryv2.org,,,ignore,6,1,fetch
prodregistryv2.org,,,reject,6,1,fetch
recombee.com,,,reject,6,1,fetch
screechingstove.com,,,accept,6,1,"script,fetch"
screechingstove.com,,,ignore,6,1,"script,fetch"
screechingstove.com,,,reject,6,1,"script,fetch"
smartform.cz,,,accept,6,1,"script,stylesheet"
smartform.cz,,,ignore,6,1,"script,stylesheet"
smartform.cz,,,reject,6,1,"script,stylesheet"
termsfeed.com,,,accept,6,1,script
termsfeed.com,,,ignore,6,1,script
termsfeed.com,,,reject,6,1,script
trustcommander.net,,,reject,6,1,"script,ping"
vshosting.cloud,,,accept,6,1,image
vshosting.cloud,,,ignore,6,1,image
vshosting.cloud,,,reject,6,1,image
adsrvr.org,The Trade Desk,advertising,accept,5,1,"script,document,xhr"
protechts.net,,,ignore,5,1,"document,script,xhr"
recombee.com,,,accept,5,1,fetch
360yield.com,,,accept,4,1,"document,xhr"
360yield.com,,,reject,4,1,"document,xhr"
allegro.pl,,,accept,4,1,xhr
ampproject.org,,,accept,4,1,script
burdadigital.cz,,,accept,4,1,"stylesheet,script"
burdadigital.cz,,,ignore,4,1,"stylesheet,script"
burdadigital.cz,,,reject,4,1,"stylesheet,script"
clickonometrics.pl,,,accept,4,1,"script,document"
clickonometrics.pl,,,ignore,4,1,"script,document"
digicert.com,,,accept,4,1,"script,image"
digicert.com,,,ignore,4,1,"script,image"
educdn.cz,,,accept,4,1,image
educdn.cz,,,ignore,4,1,image
educdn.cz,,,reject,4,1,image
im.cz,Seznam.cz,advertising,reject,4,1,"document,script"
metricool.com,,,accept,4,1,"script,image"
nr-data.net,New Relic,analytics,accept,4,1,xhr
persoo.ai,,,accept,4,1,script
persoo.ai,,,ignore,4,1,script
persoo.ai,,,reject,4,1,script
predu.sk,,,reject,4,1,"script,stylesheet,image"
recombee.com,,,ignore,4,1,fetch
richaudience.com,,,accept,4,1,"xhr,document"
smartlook.com,,,ignore,4,1,script
smartlook.com,,,reject,4,1,script
trustcommander.net,,,accept,4,1,"script,ping"
trustcommander.net,,,ignore,4,1,"script,ping"
varify.io,,,accept,4,1,"script,fetch"
varify.io,,,ignore,4,1,"script,fetch"
varify.io,,,reject,4,1,"script,fetch"
zoe-ai.eu,,,accept,4,1,ping
zoe-ai.eu,,,ignore,4,1,ping
zoe-ai.eu,,,reject,4,1,ping
adsafeprotected.com,,,accept,3,1,"image,script"
allegro.pl,,,reject,3,1,xhr
azure.com,,,ignore,3,1,"script,fetch,xhr"
azure.com,,,reject,3,1,"script,fetch,xhr"
clickonometrics.pl,,,reject,3,1,"script,document"
cookiehub.net,,,accept,3,1,"stylesheet,xhr"
cookiehub.net,,,reject,3,1,"stylesheet,xhr"
extralife.cz,,,accept,3,1,image
extralife.cz,,,ignore,3,1,image
extralife.cz,,,reject,3,1,image
newrelic.com,New Relic,analytics,accept,3,1,script
palibzh.tech,,,accept,3,1,script
palibzh.tech,,,ignore,3,1,script
palibzh.tech,,,reject,3,1,script
protagcdn.com,,,accept,3,1,"script,xhr"
protagcdn.com,,,ignore,3,1,"script,xhr"
protagcdn.com,,,reject,3,1,"script,xhr"
tiqcdn.com,,,accept,3,1,script
tiqcdn.com,,,reject,3,1,script
11am.cz,,,accept,2,1,fetch
adnami.io,,,accept,2,1,script
adnami.io,,,ignore,2,1,script
adnami.io,,,reject,2,1,script
adsafeprotected.com,,,reject,2,1,image
allegro.cz,,,accept,2,1,document
allegro.cz,,,ignore,2,1,document
allegro.cz,,,reject,2,1,document
allegro.pl,,,ignore,2,1,xhr
ampproject.org,,,ignore,2,1,script
ampproject.org,,,reject,2,1,script
bidr.io,,,reject,2,1,image
blob:https://challenges.cloudflare.com/09644959-94e2-42b1-bf26-7680f59d4269,,,reject,2,1,script
blob:https://challenges.cloudflare.com/23273f04-5fe8-4771-bd16-f2da71809edb,,,reject,2,1,script
blob:https://challenges.cloudflare.com/304b7a4f-902e-4d10-bf2b-08fda2d65ba9,,,accept,2,1,script
blob:https://challenges.cloudflare.com/43e61897-88d9-4bab-b9f5-65c5d44e1748,,,reject,2,1,script
blob:https://challenges.cloudflare.com/584bd134-2eba-4891-8094-425749db8bb7,,,accept,2,1,script
blob:https://challenges.cloudflare.com/58cd0714-36d1-415e-ab63-af8744a9929a,,,ignore,2,1,script
blob:https://challenges.cloudflare.com/5aea90b2-e44a-4aff-b507-404aef0929ce,,,ignore,2,1,script
blob:https://challenges.cloudflare.com/615ffba5-8a7e-48c7-a2aa-4d152b288e5e,,,accept,2,1,script
blob:https://challenges.cloudflare.com/6888585b-e08f-4c37-a8d5-3aaa225ab9de,,,accept,2,1,script
blob:https://challenges.cloudflare.com/6aa28297-db7f-4883-8abc-b9a5d43fdc8d,,,reject,2,1,script
blob:https://challenges.cloudflare.com/70dbbd6d-5b73-4d0c-852b-2976ed55ddcd,,,reject,2,1,script
blob:https://challenges.cloudflare.com/878140c8-caba-4c30-afe6-73ec3fd7b684,,,reject,2,1,script
blob:https://challenges.cloudflare.com/8e8126be-f2d9-47f4-b8cc-5a038b6deedf,,,accept,2,1,script
blob:https://challenges.cloudflare.com/96e6ec6e-a690-4443-b400-e96252805897,,,ignore,2,1,script
blob:https://challenges.cloudflare.com/a133f4b0-ed50-4eb1-b2c5-5bb5cee47580,,,accept,2,1,script
blob:https://challenges.cloudflare.com/d09a95ec-f22e-4db5-859f-b9d9ab89f5fb,,,ignore,2,1,script
blob:https://challenges.cloudflare.com/d64c7198-6564-478b-b35a-0695334f1355,,,ignore,2,1,script
blob:https://challenges.cloudflare.com/e57f1aa1-0267-49d6-8269-b700aeed7ebe,,,reject,2,1,script
blob:https://challenges.cloudflare.com/ed9d9093-7303-402f-ab2f-2350d0987391,,,ignore,2,1,script
cloudfunctions.net,,,accept,2,1,fetch
cloudfunctions.net,,,ignore,2,1,fetch
cloudfunctions.net,,,reject,2,1,fetch
commander1.com,,,accept,2,1,ping
cookiehub.eu,,,accept,2,1,script
cookiehub.eu,,,ignore,2,1,script
cookiehub.eu,,,reject,2,1,script
cookiehub.net,,,ignore,2,1,stylesheet
digicert.com,,,reject,2,1,"script,image"
dopc.cz,,,accept,2,1,xhr
dopc.cz,,,ignore,2,1,xhr
dopc.cz,,,reject,2,1,xhr
evgnet.com,,,accept,2,1,script
evgnet.com,,,ignore,2,1,script
evgnet.com,,,reject,2,1,script
facebook.com,Meta,social,accept,2,1,xhr
facebook.com,Meta,social,ignore,2,1,xhr
facebook.com,Meta,social,reject,2,1,xhr
favicdn.net,,,accept,2,1,script
favicdn.net,,,ignore,2,1,script
favicdn.net,,,reject,2,1,script
getsitectrl.com,,,accept,2,1,fetch
getsitectrl.com,,,ignore,2,1,fetch
getsitectrl.com,,,reject,2,1,fetch
googletagservices.com,Google,advertising,ignore,2,1,script
growthbook.io,,,accept,2,1,fetch
growthbook.io,,,ignore,2,1,fetch
growthbook.io,,,reject,2,1,fetch
instagram.com,Meta,social,accept,2,1,script
instagram.com,Meta,social,ignore,2,1,script
instagram.com,Meta,social,reject,2,1,script
meiro.app,,,accept,2,1,fetch
metricool.com,,,ignore,2,1,"script,image"
metricool.com,,,reject,2,1,"script,image"
nakit.cloud,,,accept,2,1,script
nakit.cloud,,,ignore,2,1,script
nakit.cloud,,,reject,2,1,script
ngastatic.com,,,accept,2,1,script
ngastatic.com,,,ignore,2,1,script
ngastatic.com,,,reject,2,1,script
nr-data.net,New Relic,analytics,ignore,2,1,xhr
oskarta.cz,,,accept,2,1,script
oskarta.cz,,,ignore,2,1,script
oskarta.cz,,,reject,2,1,script
pghub.io,,,reject,2,1,"script,document"
pilulka.tech,,,accept,2,1,script
pilulka.tech,,,ignore,2,1,script
pilulka.tech,,,reject,2,1,script
playstream.media,,,ignore,2,1,"script,fetch"
rozhlas.cz,,,accept,2,1,media
rozhlas.cz,,,ignore,2,1,media
rozhlas.cz,,,reject,2,1,media
sentry.io,Sentry,analytics,accept,2,1,fetch
skippay.cz,,,accept,2,1,script
skippay.cz,,,ignore,2,1,script
skippay.cz,,,reject,2,1,script
src:https://cdn.siteone.io/airbank.cz/_next/static/media/underline.860be9f2.svg;height:7px;width:117px;blur-width:0;blur-height:0;,,,ignore,2,1,image
strossle.com,,,accept,2,1,script
strossle.com,,,ignore,2,1,script
strossle.com,,,reject,2,1,script
visualwebsiteoptimizer.com,,,accept,2,1,"script,image"
visualwebsiteoptimizer.com,,,ignore,2,1,"script,image"
visualwebsiteoptimizer.com,,,reject,2,1,"script,image"
vlmedia.cz,,,ignore,2,1,document
vlmedia.cz,,,reject,2,1,document
vlp.cz,,,accept,2,1,script
vlp.cz,,,ignore,2,1,script
vlp.cz,,,reject,2,1,script
workers.dev,,,accept,2,1,fetch
11am.cz,,,ignore,1,1,fetch
11am.cz,,,reject,1,1,fetch
ads-twitter.com,,,ignore,1,1,script
ads-twitter.com,,,reject,1,1,script
affiliateport.eu,,,accept,1,1,script
ahrefs.com,,,accept,1,1,script
ahrefs.com,,,ignore,1,1,script
ahrefs.com,,,reject,1,1,script
aktualne.cz,,,accept,1,1,image
aktualne.cz,,,ignore,1,1,image
aktualne.cz,,,reject,1,1,image
antiadblock.cz,,,accept,1,1,xhr
blob:https://challenges.cloudflare.com/00ffee2c-7626-4660-bbce-f64150cb5932,,,ignore,1,1,script
blob:https://challenges.cloudflare.com/0bb50a54-d0de-44ff-bbb3-1e890b69c6be,,,reject,1,1,script
blob:https://challenges.cloudflare.com/0d4f1f2f-7052-4998-9929-831cd3f19594,,,reject,1,1,script
blob:https://challenges.cloudflare.com/156e4c2c-93f2-4762-9b5e-2f08324cdc31,,,reject,1,1,script
blob:https://challenges.cloudflare.com/15b9640d-2a2a-4c70-b9ab-2041228e489e,,,accept,1,1,script
blob:https://challenges.cloudflare.com/179b8f4e-00db-4a0a-b3f5-f75e1224a445,,,accept,1,1,script
blob:https://challenges.cloudflare.com/18af7d45-dff7-41f6-a41c-260eb0fc4b6d,,,accept,1,1,script
blob:https://challenges.cloudflare.com/22ffb2a0-83cf-48f3-93e6-09d5be766260,,,accept,1,1,script
blob:https://challenges.cloudflare.com/27c3168c-c0d7-41ef-b0be-b44ba8885485,,,reject,1,1,script
blob:https://challenges.cloudflare.com/2aad2134-be29-4c25-be5b-40e2846a13d2,,,ignore,1,1,script
blob:https://challenges.cloudflare.com/2cd5e7e0-1811-40f3-8291-a19fa29ae1e8,,,ignore,1,1,script
blob:https://challenges.cloudflare.com/2d1d0109-2048-403b-8819-ef8806762bfb,,,accept,1,1,script
blob:https://challenges.cloudflare.com/31e6be52-6a2f-4b8c-b083-63e01c7d3816,,,ignore,1,1,script
blob:https://challenges.cloudflare.com/321b8b35-7d51-4aae-a3c5-ae6018fde7ac,,,ignore,1,1,script
blob:https://challenges.cloudflare.com/33b0a82b-5f35-412d-ba21-aaeea73c73d3,,,reject,1,1,script
blob:https://challenges.cloudflare.com/360eb549-e8c7-4791-adac-6c01a62cf954,,,ignore,1,1,script
blob:https://challenges.cloudflare.com/411eb29b-ab59-40b9-83f2-0f9cabe73a28,,,reject,1,1,script
blob:https://challenges.cloudflare.com/5718a691-6ad8-4ae8-a154-0b1935875afa,,,ignore,1,1,script
blob:https://challenges.cloudflare.com/6088445e-4c28-43bf-ada4-23e43e3f94fc,,,reject,1,1,script
blob:https://challenges.cloudflare.com/62071cde-8027-4f4a-b619-73e4e50aaa4b,,,reject,1,1,script
blob:https://challenges.cloudflare.com/65443160-dfc8-4beb-bf6d-3a29cec9fe60,,,accept,1,1,script
blob:https://challenges.cloudflare.com/6644680b-eee5-4e18-b5b0-4576efc5876d,,,ignore,1,1,script
blob:https://challenges.cloudflare.com/692b260c-d94f-4373-9dcc-b4242b0ec0e8,,,accept,1,1,script
blob:https://challenges.cloudflare.com/6d86e270-2473-4626-946b-f20729292ad7,,,ignore,1,1,script
blob:https://challenges.cloudflare.com/71e76086-e58e-4cb5-8ec0-655ab45d6381,,,ignore,1,1,script
blob:https://challenges.cloudflare.com/74e9eb57-d08f-4a12-a329-201abb1fb12c,,,reject,1,1,script
blob:https://challenges.cloudflare.com/91befad8-8ba4-4f59-94b9-e05d00817a85,,,accept,1,1,script
blob:https://challenges.cloudflare.com/92fd5b8b-1434-4741-9264-47dd9eec4f52,,,accept,1,1,script
blob:https://challenges.cloudflare.com/9536873f-69a0-4835-8272-f332178a1286,,,reject,1,1,script
blob:https://challenges.cloudflare.com/9fac193f-e993-4c3c-8fbc-d56030158192,,,ignore,1,1,script
blob:https://challenges.cloudflare.com/a239b3a6-79d2-4557-9b3b-edea7f201540,,,reject,1,1,script
blob:https://challenges.cloudflare.com/a9428244-e39d-4f46-a73d-5e6b0291c144,,,reject,1,1,script
blob:https://challenges.cloudflare.com/b335db38-d6b1-4416-9d57-174cc81c5423,,,accept,1,1,script
blob:https://challenges.cloudflare.com/befe5c74-a534-4c3d-9309-d80d79c97813,,,ignore,1,1,script
blob:https://challenges.cloudflare.com/c5a40b76-f437-4408-8b65-79d6164333c7,,,reject,1,1,script
blob:https://challenges.cloudflare.com/c7219d62-a0e5-43d4-8e2c-2d8e7139d9e7,,,accept,1,1,script
blob:https://challenges.cloudflare.com/d01a839e-71dc-4ce6-a58e-c330d5bceee4,,,accept,1,1,script
blob:https://challenges.cloudflare.com/d14a32ce-0509-4151-ada4-3540a4c39461,,,accept,1,1,script
blob:https://challenges.cloudflare.com/d1e525ec-f7a5-4a65-b59b-98d7b3c14fda,,,ignore,1,1,script
blob:https://challenges.cloudflare.com/d551631c-9626-41fa-97ef-11f50e677ccb,,,accept,1,1,script
blob:https://challenges.cloudflare.com/d68b7390-3520-42bc-a39c-c6828a4e253f,,,reject,1,1,script
blob:https://challenges.cloudflare.com/dc274d2b-ce44-4436-9603-b7938dd0ee81,,,reject,1,1,script
blob:https://challenges.cloudflare.com/df175864-4845-40e0-9ba6-63dbe4622c40,,,accept,1,1,script
blob:https://challenges.cloudflare.com/e4062229-e05d-4b62-a6a8-cc812254040b,,,ignore,1,1,script
blob:https://challenges.cloudflare.com/e5c9b812-4db7-4a86-bfbe-25d80a1e8f43,,,accept,1,1,script
blob:https://challenges.cloudflare.com/e6b5adad-cbc6-44e3-9bd6-791c217e41f4,,,accept,1,1,script
blob:https://challenges.cloudflare.com/e7df7e4d-2d57-4a4d-bc96-4515a029ddce,,,ignore,1,1,script
blob:https://challenges.cloudflare.com/edc67932-1766-414b-b491-29b370c75409,,,reject,1,1,script
blob:https://challenges.cloudflare.com/ef6221d8-38dd-4bf0-8602-5d28707e9039,,,accept,1,1,script
blob:https://challenges.cloudflare.com/f0c3aef5-4078-4e4a-aff1-a12668dfde94,,,ignore,1,1,script
blob:https://challenges.cloudflare.com/f943e2c9-310f-4ed5-b437-74eced23c12e,,,ignore,1,1,script
blob:https://challenges.cloudflare.com/fa1c8342-2a31-45d0-9c6b-edd1551353b0,,,reject,1,1,script
blob:https://challenges.cloudflare.com/fb34dd41-f876-4242-9314-12ddb13b4e96,,,ignore,1,1,script
blob:https://challenges.cloudflare.com/ff0bad28-2422-4bd0-99de-c676683905a1,,,reject,1,1,script
blob:https://czc.cz/25c46548-5402-4e68-b7fe-1c9e742c2f80,,,reject,1,1,script
blob:https://czc.cz/9765b3b9-b149-4ad0-8562-37e486da0197,,,reject,1,1,script
blob:https://czc.cz/f0b5f484-47fe-4cf1-986b-41408b3adf89,,,accept,1,1,script
blob:https://czc.cz/f17ff8a1-f08a-4ac7-a969-4ec6b44b750a,,,accept,1,1,script
blob:https://czc.cz/f2f6d1ea-b954-4b25-8540-e1a832f4ce83,,,ignore,1,1,script
blob:https://www.aktualne.cz/009fe74a-2b2b-4c11-a916-c9ea79343795,,,reject,1,1,document
blob:https://www.aktualne.cz/01fae8e5-7b45-4b60-a872-9d7e0fc00364,,,accept,1,1,document
blob:https://www.aktualne.cz/06714d08-3824-450e-8227-c18b4d7d9366,,,reject,1,1,document
blob:https://www.aktualne.cz/088b5e06-f74f-45af-9b20-84fdbbefc04a,,,reject,1,1,font
blob:https://www.aktualne.cz/098ab1b8-e041-46db-b42c-4038acf4ae87,,,accept,1,1,font
blob:https://www.aktualne.cz/166bd382-15e4-4fee-9a8e-ba3c85dcacce,,,accept,1,1,document
blob:https://www.aktualne.cz/1a0cb039-da38-4529-86c9-1e82f02248fb,,,reject,1,1,document
blob:https://www.aktualne.cz/1cba9895-5229-4213-afce-335d2b1723c5,,,accept,1,1,document
blob:https://www.aktualne.cz/1cc79eec-d7e0-49a6-9fcd-093adce598f0,,,reject,1,1,document
blob:https://www.aktualne.cz/1d3f2f0c-032c-495b-ab36-bad490410d16,,,accept,1,1,font
blob:https://www.aktualne.cz/2257758d-c8d1-4dac-a06f-ca316c640a42,,,accept,1,1,font
blob:https://www.aktualne.cz/23466249-24fe-4e90-88d5-212c107dbb19,,,reject,1,1,font
blob:https://www.aktualne.cz/23488ab0-3e1a-4d8a-a40a-4e9a2123075e,,,ignore,1,1,document
blob:https://www.aktualne.cz/24412a8e-0fe9-4889-8c33-f606486d444b,,,reject,1,1,document
blob:https://www.aktualne.cz/24abd14b-262c-43bb-b351-4cd0cfa5aa54,,,reject,1,1,font
blob:https://www.aktualne.cz/27017c13-a1c8-4e93-8efd-cb7fa6ecabc3,,,reject,1,1,font
blob:https://www.aktualne.cz/27a91783-47e9-403b-b0a8-96b1df0bc7bd,,,ignore,1,1,document
blob:https://www.aktualne.cz/28845857-7d37-4c4d-8366-34c28a56b857,,,ignore,1,1,font
blob:https://www.aktualne.cz/2a16eb01-7909-4524-b00f-502cfb692247,,,reject,1,1,font
blob:https://www.aktualne.cz/307e7a0c-8500-421c-9b40-755a200df5f1,,,reject,1,1,document
blob:https://www.aktualne.cz/3208edbd-1da3-404e-8143-62a4b14e17d6,,,accept,1,1,font
blob:https://www.aktualne.cz/32a9502f-1f69-4a29-84d9-b7e70737b8a2,,,reject,1,1,font
blob:https://www.aktualne.cz/376af14b-1b4d-4318-9edc-597dd3928887,,,reject,1,1,font
blob:https://www.aktualne.cz/4858b679-99c7-42f4-903b-be4e752067de,,,ignore,1,1,font
blob:https://www.aktualne.cz/54c8960d-ef97-4387-9ea1-d2d893d3c1f8,,,reject,1,1,document
blob:https://www.aktualne.cz/5b4636d8-9515-4e28-9196-19873859eefe,,,accept,1,1,document
blob:https://www.aktualne.cz/611ee5d2-f08d-4342-acd4-a7e661bafa30,,,accept,1,1,font
blob:https://www.aktualne.cz/6521080e-ece3-40a3-a824-e910ddbb2025,,,accept,1,1,font
blob:https://www.aktualne.cz/68dff690-b085-48db-99ec-da5eafe051ae,,,reject,1,1,document
blob:https://www.aktualne.cz/68f2789b-a180-410f-ba5f-4470365e0fa1,,,reject,1,1,font
blob:https://www.aktualne.cz/6f5280ef-187d-4bc1-99ab-3f96866aee54,,,accept,1,1,document
blob:https://www.aktualne.cz/700590b9-9899-41ae-bccb-8bbe5490de47,,,ignore,1,1,document
blob:https://www.aktualne.cz/7092c9b0-fd96-41e8-aa47-1847488d8950,,,reject,1,1,font
blob:https://www.aktualne.cz/73cedec8-9667-439d-aa4d-b6feaf20b338,,,accept,1,1,font
blob:https://www.aktualne.cz/73d65d05-9b9c-48b2-b83a-54b6495378bf,,,reject,1,1,font
blob:https://www.aktualne.cz/7a650399-be15-4319-b2d8-243f5a53c416,,,reject,1,1,font
blob:https://www.aktualne.cz/7ca58678-786d-49dc-9fa1-2a2abbc1786a,,,reject,1,1,font
blob:https://www.aktualne.cz/8244305f-1227-427f-a4b5-3f91c4131a30,,,ignore,1,1,font
blob:https://www.aktualne.cz/8327d4e7-3b67-457b-a065-321d3e859338,,,accept,1,1,document
blob:https://www.aktualne.cz/87e3e005-63a8-4249-a6cc-07272a7c76c0,,,accept,1,1,font
blob:https://www.aktualne.cz/8c4ca697-dd8c-4b31-921c-c1b45a4877b1,,,accept,1,1,font
blob:https://www.aktualne.cz/8cf9a523-5aa2-4073-b50e-5b1c71d8e58c,,,reject,1,1,font
blob:https://www.aktualne.cz/8deb96f6-a458-467e-a175-39134ba48be3,,,accept,1,1,font
blob:https://www.aktualne.cz/8ec6665b-680f-43bf-b8df-5ef0f534b3eb,,,ignore,1,1,font
blob:https://www.aktualne.cz/9097fb81-ba79-4b4a-b094-5fdf281db8b7,,,ignore,1,1,document
blob:https://www.aktualne.cz/95b4168e-603f-44b7-8b8a-11ae7c18b3f5,,,accept,1,1,font
blob:https://www.aktualne.cz/95c4b056-2173-4bd5-acba-4c3cd649954e,,,reject,1,1,font
blob:https://www.aktualne.cz/98aac397-87f5-44d7-8e05-8ccaf20279ca,,,accept,1,1,font
blob:https://www.aktualne.cz/996698a3-db22-480a-896a-8ba2222e8cb5,,,reject,1,1,font
blob:https://www.aktualne.cz/9e9f5f7f-717c-4be8-827d-d276dd6f036c,,,accept,1,1,font
blob:https://www.aktualne.cz/9f364694-28af-4511-ada6-de6f7414844a,,,accept,1,1,document
blob:https://www.aktualne.cz/9f4437a2-555e-40a3-819d-88a803af2cbe,,,reject,1,1,font
blob:https://www.aktualne.cz/a045a508-f45f-459a-8c74-2e00e40a66c4,,,accept,1,1,font
blob:https://www.aktualne.cz/a1dc9b9d-fa66-4d12-9120-a451227940a6,,,reject,1,1,font
blob:https://www.aktualne.cz/a321cf07-88ab-4bdb-a6bf-143c08fce0dd,,,accept,1,1,document
blob:https://www.aktualne.cz/a7c87b54-bd01-44ed-b8f3-fbcd2282e217,,,reject,1,1,font
blob:https://www.aktualne.cz/aa91c81d-ead6-4600-b827-1d86d9867571,,,reject,1,1,font
blob:https://www.aktualne.cz/ab0db1e4-8eaa-4b2d-a23d-902fff742078,,,reject,1,1,document
blob:https://www.aktualne.cz/ab38c012-8653-4906-80a2-de03619be94b,,,reject,1,1,font
blob:https://www.aktualne.cz/aef87064-4367-4d2b-9b11-f171272a8561,,,ignore,1,1,font
blob:https://www.aktualne.cz/b26a4810-2093-4423-a0a5-f34dad7c3dd3,,,reject,1,1,font
blob:https://www.aktualne.cz/b557d98b-9237-4b5d-8776-2c11a34c113f,,,reject,1,1,font
blob:https://www.aktualne.cz/bb5c07a6-0918-4022-a30e-ad3c2ac1bfd1,,,reject,1,1,document
blob:https://www.aktualne.cz/bc0384d7-7f9c-4959-acd7-dbcec163b6d8,,,ignore,1,1,font
blob:https://www.aktualne.cz/bef518cb-9f5d-43e7-ab1b-b6c2c3b2f311,,,accept,1,1,document
blob:https://www.aktualne.cz/bfdc3882-3ff5-46a4-bc7d-92994d57cb22,,,accept,1,1,font
blob:https://www.aktualne.cz/c812606c-7eb7-438b-b837-33f425b811a2,,,accept,1,1,font
blob:https://www.aktualne.cz/ce00292c-4d92-4c57-b882-fb32dba20d69,,,reject,1,1,font
blob:https://www.aktualne.cz/ce619734-99c1-4d7d-849b-0e1574e54716,,,reject,1,1,font
blob:https://www.aktualne.cz/cfcb880f-c262-4eea-86b7-fa74824baa11,,,reject,1,1,document
blob:https://www.aktualne.cz/de1bfd3c-35ad-4751-a590-d6179a624920,,,accept,1,1,document
blob:https://www.aktualne.cz/dfe1f78d-afe6-4f5e-9173-6c0d3cb70d61,,,accept,1,1,document
blob:https://www.aktualne.cz/e2ae3e1e-2109-4924-8595-3b8c108498f5,,,accept,1,1,font
blob:https://www.aktualne.cz/ea98af74-42a9-4f9d-8266-c6e4dfec8cbb,,,reject,1,1,font
blob:https://www.aktualne.cz/ee9336e4-5ee7-4e15-a43d-793bb589c5da,,,ignore,1,1,font
blob:https://www.aktualne.cz/efd997cc-bf3f-4949-8b5b-6729d4d4c45b,,,accept,1,1,document
blob:https://www.aktualne.cz/f633abe9-fc09-4988-bca3-7b077834edd0,,,reject,1,1,font
blob:https://www.aktualne.cz/f79505ca-2d4f-47c5-84a5-e20f104a7010,,,reject,1,1,font
blob:https://www.aktualne.cz/ffe40fd0-c7cb-46bd-ba45-2b11cb6a2485,,,reject,1,1,document
blob:https://www.alza.cz/0fa8b386-b2cb-47ca-8099-1b302aeb0f5b,,,reject,1,1,script
blob:https://www.alza.cz/1de470cf-01e7-43cb-9c21-3c77bd684ed1,,,accept,1,1,script
blob:https://www.alza.cz/6f2471cd-c2a6-437d-9ed7-4a7d901bebc6,,,reject,1,1,script
blob:https://www.alza.cz/74a5ce0b-ddf9-4dc9-983b-8d19fef1a190,,,ignore,1,1,script
blob:https://www.alza.cz/7eabb736-c743-4182-a133-6e0d56b18e28,,,reject,1,1,script
blob:https://www.alza.cz/82a76d5a-acd7-41f9-8646-932473e6fcb9,,,ignore,1,1,script
blob:https://www.alza.cz/929658a2-488a-4d99-87c8-fed00fab393d,,,ignore,1,1,script
blob:https://www.alza.cz/9e3e9354-2301-4805-b9a9-c1f84e001091,,,accept,1,1,script
blob:https://www.alza.cz/a87631c5-a54d-4efd-92ca-82a7c65a4f2d,,,accept,1,1,script
blob:https://www.alza.cz/ab5b5b89-8c13-44dc-89ed-5093c0709c14,,,reject,1,1,script
blob:https://www.alza.cz/be994a71-a043-4c51-9896-410b553e36cc,,,accept,1,1,script
blob:https://www.alza.cz/cd833a90-202f-4751-93d1-0fe6b06e58f1,,,ignore,1,1,script
blob:https://www.centrum.cz/20b6438a-f949-43c8-b4ba-aefc666f5b80,,,ignore,1,1,font
blob:https://www.centrum.cz/22446f01-e3ae-437f-9143-53b04c1189f6,,,accept,1,1,font
blob:https://www.centrum.cz/251d8f8c-aa4e-4d05-bbdd-f2c0e3c86d5f,,,accept,1,1,font
blob:https://www.centrum.cz/4702483b-ce23-46dd-acc0-4732b4c3b3c8,,,accept,1,1,font
blob:https://www.centrum.cz/5e31e429-f245-4d12-a996-614e0cd08a9d,,,accept,1,1,font
blob:https://www.centrum.cz/62e687ce-199e-4113-a36f-b88568dce6f3,,,ignore,1,1,font
blob:https://www.centrum.cz/8e5059f7-0da4-4e06-bd28-dadb59267590,,,ignore,1,1,font
blob:https://www.centrum.cz/9d2397e9-d2f1-45ab-aedd-c4673b898d4d,,,ignore,1,1,font
blob:https://www.centrum.cz/a6a2f5ab-5c9d-49cb-ad90-972fef8951b5,,,accept,1,1,font
blob:https://www.centrum.cz/c2d4cd96-72e1-463e-88d7-8465cfa84670,,,accept,1,1,font
blob:https://www.ceska-posta.cz/11f32562-129f-454b-af57-cb674d232624,,,accept,1,1,script
blob:https://www.ceska-posta.cz/2babae7d-7deb-4ce6-8f86-0f7bdc920247,,,ignore,1,1,script
blob:https://www.ceska-posta.cz/88d29fea-7dcf-4f58-83ac-3b92db043cc8,,,reject,1,1,script
blob:https://www.csas.cz/a72e491c-0769-42b9-acf3-f39e4c769085,,,accept,1,1,script
blob:https://www.csas.cz/ea589c4e-0aba-4eca-a4b9-5874c62c9022,,,accept,1,1,script
blob:https://www.drmax.cz/0fa95f8c-ccfc-4582-af05-cb500ec01f21,,,reject,1,1,script
blob:https://www.drmax.cz/1a4c2802-6a30-4905-8c40-5f66c6863034,,,reject,1,1,script
blob:https://www.drmax.cz/5681c976-fc28-4f28-90d5-817e1c1cfdc7,,,ignore,1,1,script
blob:https://www.drmax.cz/76026996-ee77-49cf-9b81-b21bd6ab8353,,,accept,1,1,script
blob:https://www.drmax.cz/9a9ba4c2-7858-42ad-b86b-056bc05ec0d2,,,ignore,1,1,script
blob:https://www.drmax.cz/bb020c59-4959-4329-a04a-0eefd2c63f25,,,accept,1,1,script
blob:https://www.heureka.cz/1238637a-27d7-4482-b139-a5c59ee0a5ff,,,ignore,1,1,script
blob:https://www.heureka.cz/140460a6-3cfb-459b-96f7-a104a9bf0bbe,,,ignore,1,1,script
blob:https://www.heureka.cz/151d6d5f-0764-44a4-bd0b-851a6bd943ff,,,reject,1,1,script
blob:https://www.heureka.cz/17835b2e-6aea-4876-aa22-099967f95e88,,,reject,1,1,script
blob:https://www.heureka.cz/71cbbc49-8d15-4eed-a241-7b64a23c451d,,,accept,1,1,script
blob:https://www.heureka.cz/7a939612-ab21-4834-8558-686b5dcc93e0,,,reject,1,1,script
blob:https://www.heureka.cz/91cf6ca0-11e2-4e2f-a59c-79dfc4c4635f,,,ignore,1,1,script
blob:https://www.heureka.cz/a2c96f71-78da-41c1-a8c7-c6e1d9b39ee7,,,accept,1,1,script
blob:https://www.heureka.cz/abcf55c6-0d02-4b16-a745-0d856a4ce838,,,reject,1,1,script
blob:https://www.heureka.cz/b4703910-eb5c-4f6d-aed3-2a23fc30a652,,,accept,1,1,script
blob:https://www.heureka.cz/c568ff72-f835-44ae-a039-34d6a86f14c0,,,accept,1,1,script
blob:https://www.heureka.cz/d0352464-18e3-4d5a-bca4-e15f08be2fc6,,,accept,1,1,script
blob:https://www.heureka.cz/d40bce80-7604-4888-88e9-9154293f7ffd,,,accept,1,1,script
blob:https://www.heureka.cz/f3a8a21f-56ad-4d54-bec2-c4dd04253b01,,,ignore,1,1,script
blob:https://www.iprima.cz/cefe27b6-3449-404b-b4d2-15a1d002db58,,,ignore,1,1,script
blob:https://www.notino.cz/129809d7-237c-40d8-bf5f-ecb57ac034e8,,,reject,1,1,script
blob:https://www.notino.cz/2ecaca71-e607-478a-9673-fc287ce03e1f,,,ignore,1,1,script
blob:https://www.notino.cz/3a38e775-ae4b-469e-848a-2136c549b5c6,,,accept,1,1,script
blob:https://www.notino.cz/58e8b308-89d8-4388-add4-ea426b5b9158,,,accept,1,1,script
blob:https://www.notino.cz/7e0bc4a6-042a-4b26-b00b-2a289ce4da0e,,,reject,1,1,script
blob:https://www.notino.cz/82a6ecc4-499d-489e-9624-f2df34e83a3f,,,accept,1,1,script
blob:https://www.notino.cz/9a9f96cc-3ac6-4149-a389-4d8223873cac,,,ignore,1,1,script
blob:https://www.notino.cz/dae01769-478e-494e-a410-31ec73f30766,,,ignore,1,1,script
blob:https://www.notino.cz/f0af7c9c-5eb0-45ae-91d2-1097f4a02457,,,ignore,1,1,script
blob:https://www.notino.cz/f1a49644-356a-488f-aeba-43e8fddfd559,,,reject,1,1,script
blob:https://www.notino.cz/f2f6f335-17ff-4f0e-8e8e-b8f9c331b507,,,reject,1,1,script
blob:https://www.notino.cz/f7ac8bef-ef08-41bd-97ea-50888497359d,,,accept,1,1,script
blob:https://www.tsbohemia.cz/0587dc56-ee0b-47e0-8633-c0000f89bda9,,,ignore,1,1,script
blob:https://www.tsbohemia.cz/20202e38-cd01-436a-b54d-ce69900e5261,,,reject,1,1,script
blob:https://www.tsbohemia.cz/6de7db09-c1cc-4e18-885c-3bd78bb6161e,,,accept,1,1,script
blob:https://www.tsbohemia.cz/7beb19d1-07eb-4191-a3b8-b649db112921,,,reject,1,1,script
blob:https://www.tsbohemia.cz/876953aa-7477-4b06-8ab9-da3bd6e68e88,,,accept,1,1,script
blob:https://www.tsbohemia.cz/8c2a8f7b-c866-453b-936d-2c110b1c6076,,,ignore,1,1,script
blob:https://www.tsbohemia.cz/926f6d28-f1db-4ea8-b7c1-76deb7b49539,,,reject,1,1,script
blob:https://www.tsbohemia.cz/9c305a77-49d2-4ec2-8c24-0319f902f49e,,,reject,1,1,script
blob:https://www.tsbohemia.cz/c219a2c8-8e82-4298-8d41-798b2a0e2065,,,reject,1,1,script
blob:https://www.tsbohemia.cz/c3a45c69-553e-48ca-900d-fd629017e5d1,,,accept,1,1,script
blob:https://www.tsbohemia.cz/e1d54d42-17f7-4e06-a43e-d49ca3724147,,,accept,1,1,script
blob:https://www.tsbohemia.cz/ed0e6f54-a7ec-41fa-89d1-5eb63682132a,,,reject,1,1,script
blob:https://www.tsbohemia.cz/f9a13560-4358-4536-9538-18cc372395ff,,,ignore,1,1,script
blob:https://www.tsbohemia.cz/fccf097b-8f15-4dc6-9fa2-2e2ee39d1d6e,,,ignore,1,1,script
blob:https://x.com/1190b12e-e925-4086-b40a-620d5928795a,,,reject,1,1,script
blob:https://x.com/80e0226c-b8e7-4155-9fa1-9e887f1b22b9,,,accept,1,1,script
blob:https://x.com/842f3fd5-820f-4ff1-b0bc-5caa1f0b7a4c,,,accept,1,1,script
blob:https://x.com/a397983b-9aa7-44d0-8480-e213a99c722e,,,ignore,1,1,script
blob:https://x.com/b1689ce1-60a4-4b8b-a0de-dddcdd1676de,,,ignore,1,1,script
blob:https://x.com/fd31894c-c361-4d39-bb75-d54d89a00e4a,,,reject,1,1,script
chalupari-zahradkari.cz,,,accept,1,1,image
chalupari-zahradkari.cz,,,ignore,1,1,image
chalupari-zahradkari.cz,,,reject,1,1,image
cnstrc.com,,,accept,1,1,script
cntmbr.com,,,accept,1,1,image
customize.cz,,,accept,1,1,fetch
customize.cz,,,ignore,1,1,fetch
customize.cz,,,reject,1,1,fetch
digitaloceanspaces.com,,,accept,1,1,xhr
eu-1-id5-sync.com,,,ignore,1,1,fetch
evergage.com,,,accept,1,1,ping
evergage.com,,,reject,1,1,ping
featureassets.org,,,accept,1,1,fetch
featureassets.org,,,ignore,1,1,fetch
featureassets.org,,,reject,1,1,fetch
googleadservices.com,Google,advertising,ignore,1,1,script
googleadservices.com,Google,advertising,reject,1,1,script
hotjar.io,,,accept,1,1,ping
hotjar.io,,,ignore,1,1,ping
id5-sync.com,,,reject,1,1,script
in-lifestyle.cz,,,accept,1,1,image
in-lifestyle.cz,,,ignore,1,1,image
in-lifestyle.cz,,,reject,1,1,image
indexww.com,,,accept,1,1,document
kroniqa.cz,,,accept,1,1,image
kroniqa.cz,,,ignore,1,1,image
kroniqa.cz,,,reject,1,1,image
kununu.cz,,,accept,1,1,xhr
mapy.cz,,,accept,1,1,script
mapy.cz,,,ignore,1,1,script
mapy.cz,,,reject,1,1,script
maxa.cz,,,accept,1,1,image
maxa.cz,,,ignore,1,1,image
maxa.cz,,,reject,1,1,image
meiro.app,,,ignore,1,1,fetch
meiro.app,,,reject,1,1,fetch
meiro.io,,,accept,1,1,fetch
microsoft.com,Microsoft,analytics,accept,1,1,other
microsoft.com,Microsoft,analytics,ignore,1,1,other
microsoft.com,Microsoft,analytics,reject,1,1,other
mmamag.cz,,,accept,1,1,image
mmamag.cz,,,ignore,1,1,image
mmamag.cz,,,reject,1,1,image
newrelic.com,New Relic,analytics,ignore,1,1,script
onthe.io,,,accept,1,1,script
onthe.io,,,ignore,1,1,script
pahter.tech,,,accept,1,1,script
pahter.tech,,,ignore,1,1,script
pahter.tech,,,reject,1,1,script
pearshealthcyber.com,,,accept,1,1,xhr
pearshealthcyber.com,,,ignore,1,1,xhr
pearshealthcyber.com,,,reject,1,1,xhr
quantserve.com,Quantcast,advertising,ignore,1,1,script
r2.dev,,,accept,1,1,image
realtimesearchresults.com,,,ignore,1,1,document
realtimesearchresults.com,,,reject,1,1,document
sail-horizon.com,,,accept,1,1,script
sail-personalize.com,,,accept,1,1,fetch
sail-track.com,,,accept,1,1,fetch
scorecardresearch.com,,,ignore,1,1,script
searchnowexpert.com,,,accept,1,1,document
sentry.io,Sentry,analytics,ignore,1,1,fetch
sentry.io,Sentry,analytics,reject,1,1,fetch
src:https://cdn.siteone.io/airbank.cz/_next/static/media/underline.860be9f2.svg;height:7px;width:117px;blur-width:0;blur-height:0;,,,accept,1,1,image
src:https://cdn.siteone.io/airbank.cz/_next/static/media/underline.860be9f2.svg;height:7px;width:117px;blur-width:0;blur-height:0;,,,reject,1,1,image
t.co,Twitter/X,social,ignore,1,1,image
t.co,Twitter/X,social,reject,1,1,image
tealiumiq.com,,,ignore,1,1,image
techzpravy.cz,,,accept,1,1,image
techzpravy.cz,,,ignore,1,1,image
techzpravy.cz,,,reject,1,1,image
tiqcdn.com,,,ignore,1,1,script
trackad.cz,,,ignore,1,1,script
trustpay.eu,,,accept,1,1,script
trustpay.eu,,,ignore,1,1,script
trustpay.eu,,,reject,1,1,script
vlmedia.cz,,,accept,1,1,document
wikimedia.org,,,reject,1,1,ping
workers.dev,,,ignore,1,1,fetch
workers.dev,,,reject,1,1,fetch
yfdnza.com,,,accept,1,1,document
yfdpco1.com,,,reject,1,1,document
yfdpco2.com,,,ignore,1,1,document
yimg.com,,,accept,1,1,other
yimg.com,,,ignore,1,1,other
yimg.com,,,reject,1,1,other
yimg.jp,,,accept,1,1,script
zlutakocka.cz,,,accept,1,1,image
zlutakocka.cz,,,ignore,1,1,image
zlutakocka.cz,,,reject,1,1,image
