name,domain,tracker_entity,lifetime_days,is_tracking_cookie,sites_present,consent_modes
_sp_id.2a0a,www.denik.cz,,399.9999948039706,0,1,ignore
_ga_LZZ6YMHMFR,.denik.cz,,399.9999928180791,1,1,ignore
_ga,.denik.cz,,399.9999926089247,1,1,ignore
cookie_keeper_id,www.bezrealitky.cz,,399.999988582791,0,1,reject
browser_id,.respekt.cz,,399.99998602267215,0,1,accept
browser_id,.denikn.cz,,399.99998174697987,0,1,reject
meiro_synced_fb_cid,.iprima.cz,,399.9999813281717,0,1,accept
meiro_user_id,.iprima.cz,,399.99998132162074,0,1,accept
_cmuid,czc.cz,,399.9999808189328,0,1,ignore
browser_id,.denikn.cz,,399.99998039384406,0,1,ignore
meiro_session_id_js,.iprima.cz,,399.9999798947462,0,1,accept
meiro_session_id_used_ts_js,.iprima.cz,,399.99997989421365,0,1,accept
meiro_user_id_js,.iprima.cz,,399.9999798924559,0,1,accept
browser_id,.denikn.cz,,399.99997794818273,0,1,accept
mpxlNewsletterCookieCounter,www.megapixel.cz,,399.9999683099902,0,1,ignore
mpxlNewsletterCookieCounter,www.megapixel.cz,,399.9999663540776,0,1,reject
bkng_sso_session,.booking.com,,399.99995230162034,0,1,reject
bkng_ap_sso_session,.account.booking.com,,399.9999523011926,0,1,reject
bkng_sso_ses,.booking.com,,399.99995230008057,0,1,reject
_ga_DN8NYM288P,.kosik.cz,,399.99994842348275,1,1,accept
_ga_YL56XN4G7W,.karaoketexty.cz,,399.99994788906366,1,1,accept
_ga_YL56XN4G7W,.karaoketexty.cz,,399.9999477468293,1,1,reject
_ga_ZVX254WL4D,.csas.cz,,399.99994767984856,1,1,accept
_ga,.lupa.cz,,399.99993479256,1,1,reject
_ga_05NGW06T9V,.lupa.cz,,399.99993479079944,1,1,reject
_ga_0NHJLMQPVB,.datart.cz,,399.9999342314899,1,1,accept
_ga,.root.cz,,399.9999334352988,1,1,ignore
_ga_SFMYV44W5B,.root.cz,,399.99993343346927,1,1,ignore
_ga,.lupa.cz,,399.999931404712,1,1,accept
_ga_964J8J74CQ,.denik.cz,,399.99993134955014,1,1,reject
_ga_SW47JB56DV,.denik.cz,,399.9999313282553,1,1,reject
_sp_id.2a0a,www.denik.cz,,399.99992949217835,0,1,reject
_ga_DH82M59FN7,.centrum.cz,,399.99992633834484,1,1,ignore
_ga,.denik.cz,,399.9999240261951,1,1,reject
_ga_JRVFB06CW4,.denik.cz,,399.99992322510593,1,1,reject
_ga_CQPB0MHY0C,.www.kb.cz,,399.9999216278587,1,1,accept
__utma,.ceskatelevize.cz,,399.99991921343735,1,1,accept
_ga,.root.cz,,399.9999171834163,1,1,accept
_ga_SFMYV44W5B,.root.cz,,399.999917181435,1,1,accept
_sp_id.2a0a,www.denik.cz,,399.999913225116,0,1,ignore
mpxlNewsletterCookieCounter,www.megapixel.cz,,399.9999109814592,0,1,accept
_cmuid,czc.cz,,399.9999096477694,0,1,reject
_ga,.cnews.cz,,399.99990724021916,1,1,ignore
_ga_PSSN3MCZ5E,.cnews.cz,,399.99990723837857,1,1,ignore
_ga,.karaoketexty.cz,,399.99990488815916,1,1,reject
_ga,.lupa.cz,,399.9999007499549,1,1,ignore
_ga,.centrum.cz,,399.9999005656358,1,1,ignore
_ga,.csfd.cz,,399.9998968866081,1,1,accept
_ga_CD0K5K18SG,.csfd.cz,,399.9998968849055,1,1,accept
_ga_C98FX2HV16,.csfd.cz,,399.99989652558884,1,1,accept
_ga_05NGW06T9V,.lupa.cz,,399.9998960878231,1,1,ignore
_ga_X93EJT5QB5,.mv.gov.cz,,399.99989369011587,1,1,accept
_ga,.mv.gov.cz,,399.9998936380087,1,1,accept
_ga_C98FX2HV16,.csfd.cz,,399.99989113710546,1,1,reject
_ga_CD0K5K18SG,.csfd.cz,,399.9998911136223,1,1,reject
_ga,.cnews.cz,,399.9998910646168,1,1,reject
_ga,.csfd.cz,,399.9998910423948,1,1,reject
fpid,.csob.cz,,399.9998902939205,0,1,accept
__utma,.ceskatelevize.cz,,399.9998898397221,1,1,ignore
_ga_X93EJT5QB5,.mv.gov.cz,,399.9998886759607,1,1,ignore
__utma,.www.karaoketexty.cz,,399.9998886444668,1,1,ignore
_ga,.mv.gov.cz,,399.99988863040454,1,1,ignore
_ga,.cnews.cz,,399.9998874962275,1,1,accept
_ga_PSSN3MCZ5E,.cnews.cz,,399.9998874942931,1,1,accept
xnpe_aeb32f50-0652-11ec-bb4f-863dd5b8e706,ctd-api.datart.cz,,399.9998861785757,0,1,ignore
_ga,.kosik.cz,,399.9998858484267,1,1,accept
__utma,.ceskatelevize.cz,,399.999885768275,1,1,reject
_ga_PSSN3MCZ5E,.cnews.cz,,399.9998853823708,1,1,reject
_ga,.karaoketexty.cz,,399.9998841700565,1,1,ignore
_ga_YL56XN4G7W,.karaoketexty.cz,,399.99988416821594,1,1,ignore
_ga,.karaoketexty.cz,,399.99988038039317,1,1,accept
_ga,.root.cz,,399.9998798173611,1,1,reject
_ga_SFMYV44W5B,.root.cz,,399.9998798159372,1,1,reject
_cmuid,.mall.cz,,399.9998796712138,0,1,reject
unid,www.mall.cz,,399.9998796703694,0,1,reject
_ga_964J8J74CQ,.denik.cz,,399.9998789113539,1,1,ignore
_ga,.info.cz,,399.99987856677006,1,1,ignore
_ga_J4M8L1N4TW,.info.cz,,399.9998785648495,1,1,ignore
_ga,.rb.cz,,399.9998781565273,1,1,accept
_ga_HE483E7DDC,.rb.cz,,399.9998781545129,1,1,accept
_cmuid,.allegro.cz,,399.9998775495009,0,1,reject
_cmuid,.allegro.cz,,399.99987735590173,0,1,ignore
meiro_user_id,.kb.cz,,399.9998761745156,0,1,reject
_cmuid,czc.cz,,399.9998755046063,0,1,accept
user-flags,.szn.cz,,399.99987539173554,0,1,accept
_ga_CD0K5K18SG,.csfd.cz,,399.99987466396834,1,1,ignore
_ga_C98FX2HV16,.csfd.cz,,399.99987463630737,1,1,ignore
_ga,.csfd.cz,,399.99987460416503,1,1,ignore
__utma,.www.karaoketexty.cz,,399.99987390959427,1,1,accept
user-flags,.szn.cz,,399.9998730359475,0,1,ignore
_ga_XZEP0TBQB8,.vscht.cz,,399.99987280858886,1,1,reject
guest_id,.twitter.com,Twitter/X,399.9998726477667,1,1,accept
personalization_id,.twitter.com,Twitter/X,399.9998726476867,1,1,accept
guest_id_ads,.twitter.com,Twitter/X,399.9998726475929,1,1,accept
guest_id_marketing,.twitter.com,Twitter/X,399.9998726472479,1,1,accept
_ga,.vscht.cz,,399.99987261114575,1,1,reject
_ga_LZZ6YMHMFR,.denik.cz,,399.9998721612162,1,1,accept
muc_ads,.t.co,Twitter/X,399.99987212298646,1,1,accept
meiro_user_id,.kb.cz,,399.99987066266436,0,1,accept
__utma,.www.karaoketexty.cz,,399.9998701670711,1,1,reject
meiro_session_id_js,.kb.cz,,399.9998699221677,0,1,reject
meiro_session_id_used_ts_js,.kb.cz,,399.9998699216683,0,1,reject
meiro_user_id_js,.kb.cz,,399.9998699198415,0,1,reject
meiro_session_id_js,.kb.cz,,399.9998698443064,0,1,accept
meiro_session_id_used_ts_js,.kb.cz,,399.9998698438318,0,1,accept
meiro_user_id_js,.kb.cz,,399.9998698422009,0,1,accept
_ga,.fio.cz,,399.99986777116857,1,1,accept
_ga_M2GSLWRTRY,.rohlik.cz,,399.99986774696794,1,1,accept
consentTracked,www.rohlik.cz,,399.9998675354736,1,1,accept
_ga_VKDBFLKL51,.vscht.cz,,399.9998674681479,1,1,reject
_ga_DH82M59FN7,.centrum.cz,,399.99986726015254,1,1,accept
_ga_JRVFB06CW4,.denik.cz,,399.99986704723426,1,1,ignore
_ga_DH82M59FN7,.centrum.cz,,399.999866911435,1,1,reject
_ga_MPQVZY5FQT,.fio.cz,,399.9998651343529,1,1,accept
_ga_VNSSBL8Y5R,.vut.cz,,399.9998627398246,1,1,accept
_ga,.www.kb.cz,,399.9998624807872,1,1,accept
_ga,.rohlik.cz,,399.9998609709602,1,1,accept
_sa,.datart.cz,,399.99986085973126,0,1,accept
_ga,.datart.cz,,399.99986055014864,1,1,accept
_ga_X93EJT5QB5,.mv.gov.cz,,399.9998604201029,1,1,reject
_ga,.vut.cz,,399.9998603091775,1,1,accept
_ga,.csas.cz,,399.9998599928369,1,1,accept
_ga_SW47JB56DV,.denik.cz,,399.99985856920205,1,1,ignore
consentTracked,www.rohlik.cz,,399.99985691078837,1,1,ignore
_ga,.kurzy.cz,,399.9998554949876,1,1,ignore
_ga_NMS83H0LX6,.kurzy.cz,,399.99985549362447,1,1,ignore
_ga_WYKNZTSV4Z,.kurzy.cz,,399.9998554343399,1,1,ignore
_cmuid,.mall.cz,,399.9998551479037,0,1,ignore
unid,www.mall.cz,,399.9998551470704,0,1,ignore
meiro_synced_fb_cid,.iprima.cz,,399.99985461440906,0,1,ignore
meiro_synced_ga_cid,.iprima.cz,,399.99985461277817,0,1,ignore
meiro_user_id,.iprima.cz,,399.99985459873795,0,1,ignore
_cmuid,.mall.cz,,399.9998537918732,0,1,accept
unid,www.mall.cz,,399.99985379103987,0,1,accept
user-flags,.szn.cz,,399.9998532881836,0,1,reject
_ga_XZEP0TBQB8,.vscht.cz,,399.9998532706361,1,1,ignore
_ga,.vscht.cz,,399.99985307997576,1,1,ignore
_ga,.info.cz,,399.9998503670952,1,1,reject
_ga_J4M8L1N4TW,.info.cz,,399.99985036534844,1,1,reject
_ga,.mv.gov.cz,,399.9998489002304,1,1,reject
_wcc_,fe.api.csas.cz,,399.9998487713105,0,1,ignore
xnpe_aeb32f50-0652-11ec-bb4f-863dd5b8e706,ctd-api.datart.cz,,399.9998480999994,0,1,reject
xnpe_aeb32f50-0652-11ec-bb4f-863dd5b8e706,ctd-api.datart.cz,,399.99984804492857,0,1,accept
_cmuid,.allegro.cz,,399.9998455068745,0,1,accept
meiro_synced_ga_cid,.iprima.cz,,399.99984506087725,0,1,reject
meiro_synced_fb_cid,.iprima.cz,,399.9998450596161,0,1,reject
meiro_user_id,.iprima.cz,,399.9998450488763,0,1,reject
_ga_XZEP0TBQB8,.vscht.cz,,399.99984475966403,1,1,accept
_ga,.vscht.cz,,399.99984458261616,1,1,accept
meiro_session_id_js,.iprima.cz,,399.999844390554,0,1,reject
meiro_session_id_used_ts_js,.iprima.cz,,399.9998443895827,0,1,reject
meiro_user_id_js,.iprima.cz,,399.9998443870467,0,1,reject
meiro_session_id_js,.iprima.cz,,399.9998433070713,0,1,ignore
meiro_session_id_used_ts_js,.iprima.cz,,399.9998433056943,0,1,ignore
meiro_user_id_js,.iprima.cz,,399.99984330164335,0,1,ignore
_ga_VKDBFLKL51,.vscht.cz,,399.99984316456926,1,1,ignore
_ga,.denik.cz,,399.99984163174753,1,1,accept
user-flags,.szn.cz,,399.99984131285987,0,1,ignore
user-flags,.szn.cz,,399.99983942161003,0,1,ignore
_ga_VKDBFLKL51,.vscht.cz,,399.9998385305675,1,1,accept
bkng_sso_session,.booking.com,,399.99983651768554,0,1,ignore
bkng_sso_ses,.booking.com,,399.99983651736267,0,1,ignore
bkng_ap_sso_session,.account.booking.com,,399.9998365168191,0,1,ignore
user-flags,.szn.cz,,399.9998328416077,0,1,ignore
_ga,.info.cz,,399.9998317914925,1,1,accept
_ga_J4M8L1N4TW,.info.cz,,399.9998317892463,1,1,accept
user-flags,.szn.cz,,399.99983175008384,0,1,reject
nosec_sess,www.vut.cz,,399.9998295100916,0,1,ignore
user-flags,.szn.cz,,399.99982898286925,0,1,accept
_ga_LZZ6YMHMFR,.denik.cz,,399.999824336494,1,1,reject
__tuvi,www.karaoketexty.cz,,399.99981708995443,0,1,ignore
_ga_W70FZGBMRP,.benu.cz,,399.9998137991544,1,1,accept
_ga_Y3LHMTZ87K,.respekt.cz,,399.99980990343624,1,1,accept
_ga_YL56XN4G7W,.karaoketexty.cz,,399.99980928303466,1,1,accept
user-flags,.szn.cz,,399.99980926319404,0,1,reject
_ga_ZVX254WL4D,.csas.cz,,399.99980907155134,1,1,accept
_ga_YL56XN4G7W,.karaoketexty.cz,,399.99980906096044,1,1,reject
_ga_YL56XN4G7W,.karaoketexty.cz,,399.9998089720833,1,1,ignore
__tuvi,www.karaoketexty.cz,,399.99980468769866,0,1,accept
consentTracked,www.rohlik.cz,,399.99979825832224,1,1,reject
user-flags,.szn.cz,,399.99979769538123,0,1,accept
_ga,.centrum.cz,,399.9997974459965,1,1,accept
x-unblu-example-device,chat.rb.cz,,399.9997973936603,0,1,ignore
meiro_synced_ga_cid,.iprima.cz,,399.9997929209609,0,1,accept
meiro_user_id,.iprima.cz,,399.9997929153923,0,1,accept
_ga_964J8J74CQ,.denik.cz,,399.99979291141307,1,1,reject
_ga_SW47JB56DV,.denik.cz,,399.9997928907308,1,1,reject
_ga,.denik.cz,,399.99979263935376,1,1,reject
_ga_SW47JB56DV,.denik.cz,,399.9997925936707,1,1,accept
_ga_964J8J74CQ,.denik.cz,,399.9997925754995,1,1,accept
_sp_id.2a0a,www.denik.cz,,399.9997910912501,0,1,accept
meiro_session_id_js,.iprima.cz,,399.9997889825122,0,1,accept
meiro_session_id_used_ts_js,.iprima.cz,,399.9997889823025,0,1,accept
meiro_user_id_js,.iprima.cz,,399.9997889803129,0,1,accept
_ga_SY4TLDZBHS,.ulekare.cz,,399.99978237761667,1,1,ignore
_ga_D3B35K9TEK,.ulekare.cz,,399.9997823414013,1,1,ignore
cookie_keeper_id,www.bezrealitky.cz,,399.99978030233746,0,1,ignore
mpxlNewsletterCookieCounter,www.megapixel.cz,,399.99977357640034,0,1,ignore
_ga,.ulekare.cz,,399.99977058711704,1,1,ignore
x-unblu-example-device,chat.rb.cz,,399.9997704803944,0,1,ignore
nosec_sess,www.vut.cz,,399.99976817152844,0,1,accept
user-flags,.szn.cz,,399.99976760344924,0,1,accept
_ga,.mesec.cz,,399.99976683593735,1,1,ignore
_ga_XC45L1WHR9,.mesec.cz,,399.9997668340278,1,1,ignore
_sp_id.2a0a,www.denik.cz,,399.99976681261705,0,1,reject
bkng_sso_auth,.booking.com,,399.9997667326033,0,1,accept
_ga_SY4TLDZBHS,.ulekare.cz,,399.9997623150216,1,1,reject
_ga_D3B35K9TEK,.ulekare.cz,,399.9997622802081,1,1,reject
__tuvi,www.karaoketexty.cz,,399.9997598560541,0,1,reject
campaigns,.denikn.cz,,399.9997577669361,0,1,ignore
_ga_EN17Y4PTJ9,.megapixel.cz,,399.9997569259946,1,1,accept
_ga_TSDF8YRS0L,.extra.cz,,399.99975680839134,1,1,ignore
_ga_TSDF8YRS0L,.extra.cz,,399.99975677808123,1,1,reject
_ga_TSDF8YRS0L,.extra.cz,,399.99975643688606,1,1,accept
_dcid,.bezrealitky.cz,,399.99975512299824,0,1,reject
_ga_C98FX2HV16,.csfd.cz,,399.99975377583394,1,1,ignore
_ga_CD0K5K18SG,.csfd.cz,,399.99975375518477,1,1,ignore
_ga,.csfd.cz,,399.9997537202443,1,1,ignore
_ga,.mesec.cz,,399.9997524800345,1,1,accept
_ga_XC45L1WHR9,.mesec.cz,,399.99975247773034,1,1,accept
_ga,.extra.cz,,399.99975234744176,1,1,accept
_ga_D0HY453659,.extra.cz,,399.9997520505664,1,1,accept
cookie_keeper_id,www.bezrealitky.cz,,399.999750902581,0,1,accept
_ga_91H9JGGHZD,.idos.cz,,399.99975039081994,1,1,ignore
_ga_921RMVX4PQ,.idos.cz,,399.9997500719185,1,1,ignore
meiro_synced_fb_cid,.iprima.cz,,399.99974617730413,0,1,accept
user-flags,.szn.cz,,399.9997453892838,0,1,ignore
_ga,.idos.cz,,399.9997452409924,1,1,ignore
bkng,.booking.com,,399.9997450501748,0,1,ignore
sds,.mapy.com,,399.999744362282,0,1,ignore
_ga,.penize.cz,,399.99974340417594,1,1,ignore
_ga_3FCDNNQTVF,.penize.cz,,399.99974340160685,1,1,ignore
_ga,.sreality.cz,,399.999743156538,1,1,ignore
_ga_3ZPM02HS52,.sreality.cz,,399.9997431536902,1,1,ignore
_dcid,.bezrealitky.cz,,399.9997429786319,0,1,ignore
_ga,.info.cz,,399.99974183200135,1,1,ignore
_ga_J4M8L1N4TW,.info.cz,,399.99974183011665,1,1,ignore
nosec_sess,www.vut.cz,,399.9997411003488,0,1,reject
_evga_d27c,www.csas.cz,,399.9997410517572,0,1,reject
_sfid_a575,.www.csas.cz,,399.99974104627137,0,1,reject
_ga,.extra.cz,,399.9997407907882,1,1,ignore
_ga_D0HY453659,.extra.cz,,399.9997407888428,1,1,ignore
_ga_CMNVVVXPX5,.idos.cz,,399.9997394745107,1,1,ignore
_cmuid,czc.cz,,399.99973830181693,0,1,ignore
user-flags,.szn.cz,,399.9997379666539,0,1,accept
__utma,.ceskatelevize.cz,,399.9997372162176,1,1,ignore
_ga,.vscht.cz,,399.9997367951881,1,1,ignore
_ga_XZEP0TBQB8,.vscht.cz,,399.9997367932427,1,1,ignore
_ga_91H9JGGHZD,.idos.cz,,399.99973660579985,1,1,reject
user-flags,.szn.cz,,399.99973647094987,0,1,reject
xnpe_aeb32f50-0652-11ec-bb4f-863dd5b8e706,ctd-api.datart.cz,,399.9997354522099,0,1,ignore
meiro_user_id,.kb.cz,,399.99973517316084,0,1,ignore
_ga_921RMVX4PQ,.idos.cz,,399.99973498635546,1,1,reject
_ga,.lupa.cz,,399.9997348672676,1,1,accept
PREF,.youtube.com,Google,399.9997348044785,1,1,ignore
meiro_session_id_js,.kb.cz,,399.9997343192139,0,1,ignore
meiro_session_id_used_ts_js,.kb.cz,,399.9997343181736,0,1,ignore
meiro_user_id_js,.kb.cz,,399.99973431655377,0,1,ignore
_ga_VKDBFLKL51,.vscht.cz,,399.99973384747904,1,1,ignore
dn_os_minute_prompt,denikn.cz,,399.9997324045499,0,1,ignore
nosec_sess,www.vut.cz,,399.9997313541202,0,1,ignore
x-unblu-example-device,chat.rb.cz,,399.9997311313671,0,1,ignore
_ga_05NGW06T9V,.lupa.cz,,399.99973081153854,1,1,accept
_ga,.idos.cz,,399.9997302653254,1,1,reject
_evga_d27c,www.csas.cz,,399.99973024463213,0,1,ignore
_sfid_a575,.www.csas.cz,,399.99973023778034,0,1,ignore
_ga_91H9JGGHZD,.idos.cz,,399.99972996042834,1,1,accept
__utma,.www.karaoketexty.cz,,399.9997293131026,1,1,ignore
_cmuid,.mall.cz,,399.99972898520804,0,1,ignore
unid,www.mall.cz,,399.9997289847445,0,1,ignore
_ga_JRVFB06CW4,.denik.cz,,399.99972889647165,1,1,accept
_ga,.karaoketexty.cz,,399.99972775405206,1,1,ignore
_ga_921RMVX4PQ,.idos.cz,,399.99972750172293,1,1,accept
user-flags,.szn.cz,,399.9997271642834,0,1,ignore
_ga,.root.cz,,399.9997270690705,1,1,ignore
__cuid,.x.com,,399.9997256626713,0,1,ignore
user-flags,.szn.cz,,399.99972555761536,0,1,ignore
_ga_CMNVVVXPX5,.idos.cz,,399.99972453467825,1,1,reject
user-flags,.szn.cz,,399.9997238034948,0,1,ignore
_ga,.root.cz,,399.99972276815663,1,1,reject
_ga_SFMYV44W5B,.root.cz,,399.9997227668514,1,1,reject
_cmuid,.allegro.cz,,399.9997223553117,0,1,ignore
_ga_SFMYV44W5B,.root.cz,,399.99972134169883,1,1,ignore
consentTracked,www.rohlik.cz,,399.99972114580925,1,1,ignore
_ga_X93EJT5QB5,.mv.gov.cz,,399.9997205872199,1,1,ignore
_ga,.mv.gov.cz,,399.99972052948897,1,1,ignore
_ga,.idos.cz,,399.9997203535283,1,1,accept
x-unblu-example-device,chat.rb.cz,,399.99971966983543,0,1,ignore
appPreferences,www.datart.cz,,399.9997176329267,0,1,ignore
user-flags,.szn.cz,,399.9997176318257,0,1,ignore
_ga,.root.cz,,399.999716604581,1,1,accept
_ga,.podnikatel.cz,,399.99971562717525,1,1,reject
_ga_77EB9Z5RP3,.podnikatel.cz,,399.99971561564894,1,1,reject
_ga_PSSN3MCZ5E,.cnews.cz,,399.9997152866561,1,1,ignore
_ga,.ulekare.cz,,399.9997152132265,1,1,reject
_ga,.cnews.cz,,399.99971507687536,1,1,ignore
_ga_CMNVVVXPX5,.idos.cz,,399.9997146359831,1,1,accept
_ga_SFMYV44W5B,.root.cz,,399.9997117835173,1,1,accept
_ga,.kurzy.cz,,399.9997115954757,1,1,accept
_ga_NMS83H0LX6,.kurzy.cz,,399.99971159356613,1,1,accept
_ga_WYKNZTSV4Z,.kurzy.cz,,399.99971154897025,1,1,accept
user-flags,.szn.cz,,399.9997096443397,0,1,ignore
csrftoken,.instagram.com,Meta,399.99970907897034,1,1,ignore
bkng_sso_auth,.booking.com,,399.9997085321529,0,1,ignore
_ga,.extra.cz,,399.99970634965433,1,1,reject
_ga_D0HY453659,.extra.cz,,399.99970591661,1,1,reject
_cmuid,.allegro.cz,,399.99970587011563,0,1,reject
x-unblu-example-device,chat.rb.cz,,399.999705290455,0,1,accept
appPreferences,www.datart.cz,,399.9997049009386,0,1,reject
_cmuid,.mall.cz,,399.9997048753583,0,1,reject
unid,www.mall.cz,,399.99970487486155,0,1,reject
_ga,.centrum.cz,,399.9997048673972,1,1,reject
guest_id,.twitter.com,Twitter/X,399.9997043454647,1,1,ignore
personalization_id,.twitter.com,Twitter/X,399.99970434539574,1,1,ignore
guest_id_ads,.twitter.com,Twitter/X,399.9997043453047,1,1,ignore
guest_id_marketing,.twitter.com,Twitter/X,399.999704344968,1,1,ignore
muc_ads,.t.co,Twitter/X,399.99970371892607,1,1,ignore
__tuvi,www.karaoketexty.cz,,399.9997030273604,0,1,ignore
edgebucket,.reddit.com,,399.99970297972084,0,1,reject
csv,.reddit.com,,399.99970297945595,0,1,reject
_ga_JRVFB06CW4,.denik.cz,,399.9996967748966,1,1,reject
_ga_MDFTNW06BC,.denikn.cz,,399.999696482351,1,1,ignore
_ga,.denikn.cz,,399.9996964364968,1,1,ignore
_dcid,.bezrealitky.cz,,399.9996952708783,0,1,accept
__cuid,.x.com,,399.9996949962968,0,1,reject
user-flags,.szn.cz,,399.99969072641323,0,1,ignore
user-flags,.szn.cz,,399.9996901275935,0,1,accept
appPreferences,www.datart.cz,,399.9996898227295,0,1,accept
_ga,.vscht.cz,,399.9996887620842,1,1,reject
_ga_XZEP0TBQB8,.vscht.cz,,399.99968875839204,1,1,reject
user-flags,.szn.cz,,399.99968812878484,0,1,reject
bkng,.booking.com,,399.9996877779867,0,1,reject
_ga,.sreality.cz,,399.99968502462735,1,1,accept
_ga_3ZPM02HS52,.sreality.cz,,399.9996850227868,1,1,accept
_ga,.sreality.cz,,399.9996847310414,1,1,reject
_ga_3ZPM02HS52,.sreality.cz,,399.9996847291208,1,1,reject
_ga_VKDBFLKL51,.vscht.cz,,399.99968461009365,1,1,reject
user-flags,.szn.cz,,399.99968416144725,0,1,ignore
_ga,.vscht.cz,,399.99968361932923,1,1,accept
_ga_XZEP0TBQB8,.vscht.cz,,399.99968361393724,1,1,accept
__utma,.ceskatelevize.cz,,399.9996820421765,1,1,reject
__utma,.ceskatelevize.cz,,399.99968088606715,1,1,accept
user-flags,.szn.cz,,399.9996805757174,0,1,ignore
_ga_VKDBFLKL51,.vscht.cz,,399.99968033569553,1,1,accept
user-flags,.szn.cz,,399.99967864096163,0,1,reject
_ga,.lupa.cz,,399.9996767730901,1,1,reject
_ga_05NGW06T9V,.lupa.cz,,399.99967677167723,1,1,reject
edgebucket,.reddit.com,,399.9996756520591,0,1,ignore
csv,.reddit.com,,399.9996756519432,0,1,ignore
_ga,.info.cz,,399.99967538031166,1,1,accept
_ga_J4M8L1N4TW,.info.cz,,399.99967537789155,1,1,accept
_ga,.kurzy.cz,,399.99967481473254,1,1,reject
_ga_NMS83H0LX6,.kurzy.cz,,399.9996748122573,1,1,reject
_ga_WYKNZTSV4Z,.kurzy.cz,,399.99967476682804,1,1,reject
user-flags,.szn.cz,,399.999674709144,0,1,reject
_ga,.csfd.cz,,399.9996745429878,1,1,reject
_ga_CD0K5K18SG,.csfd.cz,,399.99967454111135,1,1,reject
user-flags,.szn.cz,,399.9996742696177,0,1,reject
_ga_C98FX2HV16,.csfd.cz,,399.99967424359863,1,1,reject
user-flags,.szn.cz,,399.99967302878696,0,1,accept
nosec_sess,www.vut.cz,,399.99967149524224,0,1,reject
_ga,.penize.cz,,399.9996708491997,1,1,reject
_ga_3FCDNNQTVF,.penize.cz,,399.99967084594624,1,1,reject
user-flags,.szn.cz,,399.99966977479284,0,1,accept
nosec_sess,www.vut.cz,,399.99966912908684,0,1,accept
campaigns,.denikn.cz,,399.9996684608222,0,1,reject
user-flags,.szn.cz,,399.99966712081044,0,1,accept
user-flags,.szn.cz,,399.99966533554095,0,1,ignore
user-flags,.szn.cz,,399.99966363541506,0,1,reject
_ga,.csfd.cz,,399.9996632316791,1,1,accept
_ga_C98FX2HV16,.csfd.cz,,399.9996632299793,1,1,accept
_ga_CD0K5K18SG,.csfd.cz,,399.9996629269697,1,1,accept
campaigns,.denikn.cz,,399.99966268741974,0,1,accept
_ga,.cnews.cz,,399.9996605120958,1,1,reject
user-flags,.szn.cz,,399.99966018996304,0,1,reject
appPreferences,www.datart.cz,,399.9996599101965,0,1,ignore
dn_os_minute_prompt,denikn.cz,,399.99965987548785,0,1,reject
_evga_d27c,www.csas.cz,,399.9996594216316,0,1,accept
_sfid_a575,.www.csas.cz,,399.9996594153483,0,1,accept
user-flags,.szn.cz,,399.99965744451794,0,1,accept
user-flags,.szn.cz,,399.9996571039795,0,1,ignore
_ga,.podnikatel.cz,,399.99965584371654,1,1,ignore
_ga,.podnikatel.cz,,399.99965568162224,1,1,accept
_ga_77EB9Z5RP3,.podnikatel.cz,,399.9996556779411,1,1,accept
_ga_PSSN3MCZ5E,.cnews.cz,,399.99965484762635,1,1,reject
dn_os_minute_prompt,denikn.cz,,399.99965202208193,0,1,accept
_ga_77EB9Z5RP3,.podnikatel.cz,,399.99964668364714,1,1,ignore
edgebucket,.reddit.com,,399.99964611775346,0,1,accept
csv,.reddit.com,,399.9996461174996,0,1,accept
_ga,.info.cz,,399.99964243806346,1,1,reject
_ga_J4M8L1N4TW,.info.cz,,399.9996424364326,1,1,reject
x-unblu-example-device,chat.rb.cz,,399.9996413516778,0,1,reject
user-flags,.szn.cz,,399.99964043362274,0,1,reject
bkng_sso_auth,.booking.com,,399.9996398443066,0,1,reject
__utma,.www.karaoketexty.cz,,399.9996382678935,1,1,reject
_ga,.cnews.cz,,399.99963581595983,1,1,accept
_ga_PSSN3MCZ5E,.cnews.cz,,399.9996358140503,1,1,accept
user-flags,.szn.cz,,399.99963357188636,0,1,reject
_evga_d27c,www.csas.cz,,399.9996334647111,0,1,ignore
_sfid_a575,.www.csas.cz,,399.99963345706186,0,1,ignore
consentTracked,www.rohlik.cz,,399.99963191076284,1,1,accept
user-flags,.szn.cz,,399.9996285972882,0,1,accept
_ga,.karaoketexty.cz,,399.99962846350616,1,1,reject
user-flags,.szn.cz,,399.999613213357,0,1,accept
_ga,.penize.cz,,399.99961217623616,1,1,accept
_ga_3FCDNNQTVF,.penize.cz,,399.9996121741997,1,1,accept
x-unblu-example-device,chat.rb.cz,,399.9996092493639,0,1,reject
consentTracked,www.rohlik.cz,,399.99960655961877,1,1,reject
_ga,.mesec.cz,,399.99959231831133,1,1,reject
_ga_XC45L1WHR9,.mesec.cz,,399.99959231520694,1,1,reject
user-flags,.szn.cz,,399.99958039631997,0,1,ignore
user-flags,.szn.cz,,399.99958036633,0,1,accept
user-flags,.szn.cz,,399.999572018843,0,1,reject
_ga,.lupa.cz,,399.99956416527704,1,1,ignore
x-unblu-example-device,chat.rb.cz,,399.99956139473454,0,1,accept
_ga_05NGW06T9V,.lupa.cz,,399.99956123995287,1,1,ignore
user-flags,.szn.cz,,399.9995479131021,0,1,accept
muc_ads,.t.co,Twitter/X,399.99954577715306,1,1,reject
guest_id,.twitter.com,Twitter/X,399.9995455529513,1,1,reject
personalization_id,.twitter.com,Twitter/X,399.99954555288235,1,1,reject
guest_id_ads,.twitter.com,Twitter/X,399.9995455527885,1,1,reject
guest_id_marketing,.twitter.com,Twitter/X,399.9995455524546,1,1,reject
_ga,.karaoketexty.cz,,399.9995370122459,1,1,accept
__tuvi,www.karaoketexty.cz,,399.9995321480323,0,1,reject
__utma,.www.karaoketexty.cz,,399.9995212326282,1,1,accept
_ga_MDFTNW06BC,.denikn.cz,,399.9995160898373,1,1,reject
_ga,.denikn.cz,,399.9995160386104,1,1,reject
s_vi,.www.o2.cz,,399.9995121387696,1,1,ignore
xnpe_aeb32f50-0652-11ec-bb4f-863dd5b8e706,ctd-api.datart.cz,,399.99948584843565,0,1,reject
guest_id,.twitter.com,Twitter/X,399.99947576576363,1,1,accept
personalization_id,.twitter.com,Twitter/X,399.99947576565876,1,1,accept
guest_id_ads,.twitter.com,Twitter/X,399.9994757655539,1,1,accept
guest_id_marketing,.twitter.com,Twitter/X,399.9994757652421,1,1,accept
muc_ads,.t.co,Twitter/X,399.99947400709544,1,1,accept
s_fid,.o2.cz,,399.9994727888621,0,1,ignore
xnpe_aeb32f50-0652-11ec-bb4f-863dd5b8e706,ctd-api.datart.cz,,399.9994708064116,0,1,accept
meiro_user_id,.kb.cz,,399.9994594155445,0,1,ignore
meiro_session_id_js,.kb.cz,,399.99945882715286,0,1,ignore
meiro_session_id_used_ts_js,.kb.cz,,399.99945882696795,0,1,ignore
meiro_user_id_js,.kb.cz,,399.99945882584484,0,1,ignore
__tuvi,www.karaoketexty.cz,,399.99945347693506,0,1,accept
user-flags,.szn.cz,,399.9994498187055,0,1,accept
_ga_MDFTNW06BC,.denikn.cz,,399.9994362107057,1,1,accept
_ga,.denikn.cz,,399.99943615800805,1,1,accept
s_vi,.www.o2.cz,,399.9994274346751,1,1,reject
s_fid,.o2.cz,,399.9994198595153,0,1,reject
user-flags,.szn.cz,,399.99939913142333,0,1,reject
appPreferences,www.datart.cz,,399.99938527181746,0,1,reject
appPreferences,www.datart.cz,,399.9993805844199,0,1,accept
_ga_CQPB0MHY0C,.www.kb.cz,,399.9993607627076,1,1,accept
PREF,.youtube.com,Google,399.9992141309822,1,1,accept
_wcc_,fe.api.csas.cz,,399.99917901876347,0,1,accept
personalization_id,.twitter.com,Twitter/X,399.9991781067572,1,1,accept
muc_ads,.t.co,Twitter/X,399.9991772510746,1,1,accept
mid,.instagram.com,Meta,399.9991709582508,1,1,accept
datr,.instagram.com,Meta,399.999170958041,1,1,accept
_wcc_,fe.api.csas.cz,,399.999161471214,0,1,reject
campaigns,.respekt.cz,,399.9991452051506,0,1,accept
FPID,.booking.com,,399.9991099484596,0,1,accept
_ga_A12345,.booking.com,,399.99910428138793,1,1,accept
_ga,.booking.com,,399.9991042236818,1,1,accept
bkng_ap_sso_session,.account.booking.com,,399.999095472997,0,1,accept
bkng_sso_ses,.booking.com,,399.99909547207255,0,1,accept
bkng_sso_session,.booking.com,,399.9990954711702,0,1,accept
trgid_pilulka_cz,.pilulka.cz,,399.9990946451023,0,1,accept
fpid,.csob.cz,,399.9990927577764,0,1,accept
meiro_synced_fb_cid,.megapixel.cz,,399.99908574554377,0,1,accept
meiro_user_id,.megapixel.cz,,399.99908573953644,0,1,accept
meiro_synced_ga_cid,.megapixel.cz,,399.9990857212963,0,1,accept
meiro_session_id_js,.megapixel.cz,,399.99908527577367,0,1,accept
meiro_session_id_used_ts_js,.megapixel.cz,,399.9990852744077,0,1,accept
meiro_user_id_js,.megapixel.cz,,399.9990852728817,0,1,accept
_ga_D3B35K9TEK,.ulekare.cz,,399.99907834000055,1,1,accept
_ga_SY4TLDZBHS,.ulekare.cz,,399.9990783056838,1,1,accept
_ga,.pilulka.cz,,399.9990733350786,1,1,accept
_ga_NMEQ6F57RP,.pilulka.cz,,399.9990733317341,1,1,accept
meiro_user_id,.kb.cz,,399.99907256600756,0,1,reject
_ga,.rb.cz,,399.99907206660896,1,1,accept
_ga_HE483E7DDC,.rb.cz,,399.9990720652182,1,1,accept
muc_ads,.t.co,Twitter/X,399.99907176320477,1,1,accept
guest_id,.twitter.com,Twitter/X,399.9990717397796,1,1,accept
personalization_id,.twitter.com,Twitter/X,399.9990717395036,1,1,accept
guest_id_ads,.twitter.com,Twitter/X,399.99907173942086,1,1,accept
guest_id_marketing,.twitter.com,Twitter/X,399.9990717389931,1,1,accept
meiro_user_id,.kb.cz,,399.9990715092586,0,1,accept
meiro_session_id_js,.kb.cz,,399.99907121555674,0,1,reject
meiro_session_id_used_ts_js,.kb.cz,,399.9990712151952,0,1,reject
meiro_user_id_js,.kb.cz,,399.9990712136913,0,1,reject
meiro_session_id_js,.kb.cz,,399.99907096151674,0,1,accept
meiro_session_id_used_ts_js,.kb.cz,,399.99907096057854,0,1,accept
meiro_user_id_js,.kb.cz,,399.9990709572451,0,1,accept
muc_ads,.t.co,Twitter/X,399.9990685705206,1,1,accept
guest_id,.twitter.com,Twitter/X,399.9990685619552,1,1,accept
personalization_id,.twitter.com,Twitter/X,399.99906856187516,1,1,accept
guest_id_ads,.twitter.com,Twitter/X,399.9990685617703,1,1,accept
guest_id_marketing,.twitter.com,Twitter/X,399.99906856148056,1,1,accept
_ga,.rb.cz,,399.99906743637666,1,1,accept
_ga_HE483E7DDC,.rb.cz,,399.9990674348148,1,1,accept
mid,.instagram.com,Meta,399.9990669924435,1,1,reject
datr,.instagram.com,Meta,399.99906699157424,1,1,reject
_ga,.respekt.cz,,399.9990650350352,1,1,accept
_ga,.megapixel.cz,,399.9990638726039,1,1,accept
_ga,.www.kb.cz,,399.999063747975,1,1,accept
_ga_R50YT4NJXN,.pilulka.cz,,399.99906360645537,1,1,accept
_ga,.benu.cz,,399.9990626590285,1,1,accept
_ga_X93EJT5QB5,.mv.gov.cz,,399.9990624921769,1,1,accept
_ga_X93EJT5QB5,.mv.gov.cz,,399.99906224347376,1,1,reject
cookie_consent_user_consent_token,msmt.gov.cz,,399.9990622185502,0,1,accept
FPID,.lekarna.cz,,399.9990620413864,0,1,accept
_ga,.csas.cz,,399.9990614014257,1,1,accept
_ga_LEKARNA,.lekarna.cz,,399.99906110349355,1,1,accept
_ga,.ulekare.cz,,399.99906103644656,1,1,accept
s_fid,.o2.cz,,399.999060982474,0,1,accept
mpxlNewsletterCookieCounter,www.megapixel.cz,,399.9990448773956,0,1,reject
mpxlNewsletterCookieCounter,www.megapixel.cz,,399.99904169370177,0,1,accept
_cmuid,czc.cz,,399.999029753818,0,1,accept
sds,.mapy.com,,399.99902241941953,0,1,reject
sds,.mapy.com,,399.99902130936306,0,1,accept
_cmuid,czc.cz,,399.9990206109236,0,1,reject
_ga,.mv.gov.cz,,399.99901355985963,1,1,accept
_ga,.mv.gov.cz,,399.9990133478713,1,1,reject
PREF,.youtube.com,Google,399.9990119872601,1,1,reject
bkng,.booking.com,,399.9990068507636,0,1,accept
__cuid,.x.com,,399.99900633902735,0,1,accept
_cmuid,.allegro.cz,,399.9990059039107,0,1,accept
_evga_d27c,www.csas.cz,,399.99900480027827,0,1,accept
_sfid_a575,.www.csas.cz,,399.99900479348446,0,1,accept
user-flags,.szn.cz,,399.9990043291643,0,1,accept
user-flags,.szn.cz,,399.99900425207005,0,1,reject
x-unblu-example-device,chat.rb.cz,,399.99899796676857,0,1,reject
_cmuid,.mall.cz,,399.9989972882635,0,1,accept
unid,www.mall.cz,,399.99899728783305,0,1,accept
_evga_d27c,www.csas.cz,,399.998983788471,0,1,reject
_sfid_a575,.www.csas.cz,,399.99898378220973,0,1,reject
x-unblu-example-device,chat.rb.cz,,399.9989783954979,0,1,accept
x-unblu-example-device,chat.rb.cz,,399.9989644540405,0,1,reject
csrftoken,.instagram.com,Meta,399.9989629423811,1,1,accept
x-unblu-example-device,chat.rb.cz,,399.9989404150816,0,1,accept
csrftoken,.instagram.com,Meta,399.99892590462883,1,1,reject
s_vi,.www.o2.cz,,399.9987781245703,1,1,accept
dCMP,.lidovky.cz,,396.9999369223388,0,1,ignore
dCMP,.lidovky.cz,,396.9999358026849,0,1,reject
dCMP,.lidovky.cz,,396.9999349365632,0,1,accept
dCMP,.idnes.cz,,396.9999320284139,0,1,ignore
dCMP,.idnes.cz,,396.9999320158776,0,1,accept
dCMP,.idnes.cz,,396.9997818704308,0,1,ignore
dCMP,.idos.cz,,396.9997808792111,0,1,ignore
dCMP,.lidovky.cz,,396.99977779120206,0,1,ignore
dCMP,.penize.cz,,396.9997707847671,0,1,ignore
dCMP,.idos.cz,,396.9997395519664,0,1,accept
dCMP,.idos.cz,,396.9997341412858,0,1,reject
dCMP,.lidovky.cz,,396.99972962137724,0,1,reject
dCMP,.penize.cz,,396.99971512897974,0,1,reject
dCMP,.idnes.cz,,396.9996830607537,0,1,accept
dCMP,.penize.cz,,396.99968082615624,0,1,accept
dCMP,.idnes.cz,,396.9996779957524,0,1,reject
guest_id,.x.com,,395.99942699747504,0,1,ignore
guest_id,.twitter.com,Twitter/X,395.99941509635084,1,1,ignore
guest_id,.x.com,,395.9993935096871,0,1,reject
guest_id,.twitter.com,Twitter/X,395.9993895225944,1,1,reject
personalization_id,.x.com,,395.99906685698915,0,1,accept
guest_id_marketing,.x.com,,395.99906685687324,0,1,accept
guest_id_ads,.x.com,,395.9990668565145,0,1,accept
euconsent-v2,.mapy.com,,395.9990608477648,0,1,reject
euconsent-v2,.mapy.com,,395.9990507288415,0,1,accept
guest_id,.x.com,,395.9987277571167,0,1,accept
guest_id,.twitter.com,Twitter/X,395.99872060671174,1,1,accept
__Secure-ENID,.google.com,Google,395.6792319896624,1,1,ignore
__Secure-ENID,.google.com,Google,395.6792299722328,1,1,ignore
__Secure-ENID,.google.com,Google,395.67909757743,1,1,reject
__Secure-ENID,.google.com,Google,395.67906909506905,1,1,ignore
__Secure-ENID,.google.com,Google,395.6789776406354,1,1,ignore
__Secure-ENID,.google.com,Google,395.67829727229145,1,1,reject
_cs_id,.csas.cz,,395.41653500377305,0,1,accept
_cs_c,.csas.cz,,395.41652342969894,0,1,accept
_cs_c,.csas.cz,,395.4157295191564,0,1,accept
_cs_id,.csas.cz,,395.4157295191564,0,1,accept
_ga,.airbank.cz,,395.41572519546304,1,1,accept
_ga_T83J2DRKPZ,.airbank.cz,,395.41572519546304,1,1,accept
cX_G,.aktualne.cz,,394.9999931982767,0,1,ignore
_awl,.karaoketexty.cz,,394.9999881789916,0,1,ignore
Gdynp,.hit.gemius.pl,Gemius,394.9999872595734,1,1,ignore
Gdyn,.hit.gemius.pl,Gemius,394.9999872594244,1,1,ignore
receive-cookie-deprecation,.hit.gemius.pl,Gemius,394.9999872586931,1,1,ignore
__gfp_64b,.ceskatelevize.cz,,394.9999786087981,0,1,ignore
_pcid,.zive.cz,,394.99997176814685,0,1,accept
_pctx,.zive.cz,,394.99997176814685,0,1,accept
cX_G,.zive.cz,,394.99997176814685,0,1,accept
cX_P,.zive.cz,,394.99997176814685,0,1,accept
Gdynp,.hit.gemius.pl,Gemius,394.99997022449145,1,1,accept
Gdyn,.hit.gemius.pl,Gemius,394.9999702243507,1,1,accept
receive-cookie-deprecation,.hit.gemius.pl,Gemius,394.9999702237381,1,1,accept
__gfp_64b,.lupa.cz,,394.99996631745387,0,1,accept
_pcid,.zive.cz,,394.99995940802,0,1,reject
_pctx,.zive.cz,,394.99995940802,0,1,reject
cX_G,.zive.cz,,394.99995940802,0,1,reject
cX_P,.zive.cz,,394.99995940802,0,1,reject
Gdynp,.hit.gemius.pl,Gemius,394.9999480399986,1,1,ignore
Gdyn,.hit.gemius.pl,Gemius,394.9999480397337,1,1,ignore
receive-cookie-deprecation,.hit.gemius.pl,Gemius,394.9999480381939,1,1,ignore
Gdynp,.hit.gemius.pl,Gemius,394.99994668830874,1,1,reject
Gdyn,.hit.gemius.pl,Gemius,394.9999466881818,1,1,reject
receive-cookie-deprecation,.hit.gemius.pl,Gemius,394.9999466876134,1,1,reject
Gdynp,.hit.gemius.pl,Gemius,394.99994573218953,1,1,reject
Gdyn,.hit.gemius.pl,Gemius,394.99994573203776,1,1,reject
receive-cookie-deprecation,.hit.gemius.pl,Gemius,394.99994573137826,1,1,reject
_awl,.karaoketexty.cz,,394.9999457046638,0,1,accept
__gfp_64b,.karaoketexty.cz,,394.9999447646406,0,1,ignore
Gdynp,.hit.gemius.pl,Gemius,394.99993789798685,1,1,reject
Gdyn,.hit.gemius.pl,Gemius,394.9999378978599,1,1,reject
receive-cookie-deprecation,.hit.gemius.pl,Gemius,394.9999378972225,1,1,reject
__gfp_64b,.idnes.cz,,394.9999374783122,0,1,reject
Gdynp,.hit.gemius.pl,Gemius,394.99993630502513,1,1,accept
Gdyn,.hit.gemius.pl,Gemius,394.9999363048264,1,1,accept
receive-cookie-deprecation,.hit.gemius.pl,Gemius,394.9999363035433,1,1,accept
__gfp_64b,.cnews.cz,,394.9999357309827,0,1,reject
SOCS,.google.com,Google,394.9999350052658,1,1,accept
__gfp_64b,.lupa.cz,,394.9999314234737,0,1,reject
Gdynp,.hit.gemius.pl,Gemius,394.9999310978585,1,1,accept
Gdyn,.hit.gemius.pl,Gemius,394.9999310977426,1,1,accept
receive-cookie-deprecation,.hit.gemius.pl,Gemius,394.99993109716587,1,1,accept
__gfp_64b,.root.cz,,394.99993029314885,0,1,accept
Gdynp,.hit.gemius.pl,Gemius,394.99992893112204,1,1,ignore
Gdyn,.hit.gemius.pl,Gemius,394.99992893094816,1,1,ignore
receive-cookie-deprecation,.hit.gemius.pl,Gemius,394.99992893000166,1,1,ignore
__gfp_64b,.ceskatelevize.cz,,394.9999278944455,0,1,accept
cX_G,.centrum.cz,,394.99992178850704,0,1,ignore
Gdynp,.hit.gemius.pl,Gemius,394.99992054281137,1,1,ignore
Gdyn,.hit.gemius.pl,Gemius,394.99992054264857,1,1,ignore
receive-cookie-deprecation,.hit.gemius.pl,Gemius,394.999920541978,1,1,ignore
__gfp_64b,.lupa.cz,,394.9999201131253,0,1,ignore
SOCS,.google.com,Google,394.99991933477975,1,1,reject
Gdynp,.hit.gemius.pl,Gemius,394.9999180228787,1,1,accept
receive-cookie-deprecation,.hit.gemius.pl,Gemius,394.9999180223241,1,1,accept
__gfp_64b,.root.cz,,394.99991757651446,0,1,ignore
Gdynp,.hit.gemius.pl,Gemius,394.9999137206127,1,1,reject
Gdyn,.hit.gemius.pl,Gemius,394.99991372047197,1,1,reject
receive-cookie-deprecation,.hit.gemius.pl,Gemius,394.9999137197214,1,1,reject
_pcid,.aktualne.cz,,394.99991217975816,0,1,ignore
_pctx,.aktualne.cz,,394.99991217975816,0,1,ignore
cX_P,.aktualne.cz,,394.99991217975816,0,1,ignore
_pcid,.centrum.cz,,394.999910214433,0,1,ignore
_pctx,.centrum.cz,,394.999910214433,0,1,ignore
cX_P,.centrum.cz,,394.999910214433,0,1,ignore
_awl,.karaoketexty.cz,,394.99990920934135,0,1,reject
Gdynp,.hit.gemius.pl,Gemius,394.99990526604154,1,1,reject
Gdyn,.hit.gemius.pl,Gemius,394.99990526589255,1,1,reject
receive-cookie-deprecation,.hit.gemius.pl,Gemius,394.99990526526614,1,1,reject
__gfp_64b,.root.cz,,394.9999029413528,0,1,reject
Gdynp,.hit.gemius.pl,Gemius,394.9999022947914,1,1,reject
Gdyn,.hit.gemius.pl,Gemius,394.9999022946645,1,1,reject
receive-cookie-deprecation,.hit.gemius.pl,Gemius,394.9999022940519,1,1,reject
__gfp_64b,.ceskatelevize.cz,,394.99990164906336,0,1,reject
Gdynp,.hit.gemius.pl,Gemius,394.9999008746749,1,1,ignore
receive-cookie-deprecation,.hit.gemius.pl,Gemius,394.99990087413124,1,1,ignore
Gdynp,.hit.gemius.pl,Gemius,394.9998981333441,1,1,accept
Gdyn,.hit.gemius.pl,Gemius,394.9998981329523,1,1,accept
receive-cookie-deprecation,.hit.gemius.pl,Gemius,394.9998981303253,1,1,accept
__gfp_64b,.karaoketexty.cz,,394.99989558665567,0,1,reject
kndctr_DB71403D53BBF4B80A490D4C_AdobeOrg_identity,.csob.cz,,394.99989254183794,0,1,accept
Gdynp,.hit.gemius.pl,Gemius,394.9998894759157,1,1,accept
Gdyn,.hit.gemius.pl,Gemius,394.999889475775,1,1,accept
receive-cookie-deprecation,.hit.gemius.pl,Gemius,394.9998894752424,1,1,accept
__gfp_64b,.cnews.cz,,394.9998894502664,0,1,accept
Gdynp,.hit.gemius.pl,Gemius,394.99988893377287,1,1,ignore
receive-cookie-deprecation,.hit.gemius.pl,Gemius,394.99988893290634,1,1,ignore
__gfp_64b,.karaoketexty.cz,,394.9998870935539,0,1,accept
Gdynp,.hit.gemius.pl,Gemius,394.9998816759719,1,1,accept
receive-cookie-deprecation,.hit.gemius.pl,Gemius,394.99988167538135,1,1,accept
_cb,.irozhlas.cz,,394.999879611783,0,1,reject
_chartbeat2,.irozhlas.cz,,394.999879611783,0,1,reject
_cb,.irozhlas.cz,,394.9998741289918,0,1,ignore
_chartbeat2,.irozhlas.cz,,394.9998741289918,0,1,ignore
_cb,.centrum.cz,,394.99986391813667,0,1,ignore
_chartbeat2,.centrum.cz,,394.99986391813667,0,1,ignore
Gdynp,.hit.gemius.pl,Gemius,394.99986200511455,1,1,ignore
Gdyn,.hit.gemius.pl,Gemius,394.9998620049876,1,1,ignore
receive-cookie-deprecation,.hit.gemius.pl,Gemius,394.9998620044109,1,1,ignore
__gfp_64b,.cnews.cz,,394.99985308186325,0,1,ignore
Gdynp,.hit.gemius.pl,Gemius,394.9998462930322,1,1,reject
Gdyn,.hit.gemius.pl,Gemius,394.99984629222087,1,1,reject
receive-cookie-deprecation,.hit.gemius.pl,Gemius,394.999846290648,1,1,reject
cX_G,.aktualne.cz,,394.9998217875814,0,1,accept
_cb,.irozhlas.cz,,394.9998170343179,0,1,accept
_chartbeat2,.irozhlas.cz,,394.9998170343179,0,1,accept
__gfp_64b,.mesec.cz,,394.99981265448037,0,1,ignore
cX_G,.iprima.cz,,394.9998059672559,0,1,reject
_pcid,.centrum.cz,,394.99980581977024,0,1,accept
_pctx,.centrum.cz,,394.99980581977024,0,1,accept
cX_G,.centrum.cz,,394.99980581977024,0,1,accept
cX_P,.centrum.cz,,394.99980581977024,0,1,accept
Gdynp,.hit.gemius.pl,Gemius,394.9998015716672,1,1,ignore
Gdyn,.hit.gemius.pl,Gemius,394.99980157150713,1,1,ignore
receive-cookie-deprecation,.hit.gemius.pl,Gemius,394.99980157084485,1,1,ignore
Gdynp,.hit.gemius.pl,Gemius,394.9998004782531,1,1,accept
Gdyn,.hit.gemius.pl,Gemius,394.99980047787227,1,1,accept
receive-cookie-deprecation,.hit.gemius.pl,Gemius,394.99980047648154,1,1,accept
_pcid,.iprima.cz,,394.9997943931818,0,1,reject
_pctx,.iprima.cz,,394.9997943931818,0,1,reject
cX_P,.iprima.cz,,394.9997943931818,0,1,reject
_cb,.centrum.cz,,394.9997942456962,0,1,accept
_chartbeat2,.centrum.cz,,394.9997942456962,0,1,accept
_pcid,.iprima.cz,,394.9997733296178,0,1,ignore
_pctx,.iprima.cz,,394.9997733296178,0,1,ignore
cX_G,.iprima.cz,,394.9997733296178,0,1,ignore
cX_P,.iprima.cz,,394.9997733296178,0,1,ignore
cX_G,.aktualne.cz,,394.9997541026523,0,1,reject
_pcid,.aktualne.cz,,394.99975234313695,0,1,accept
_pctx,.aktualne.cz,,394.99975234313695,0,1,accept
cX_P,.aktualne.cz,,394.99975234313695,0,1,accept
Gdynp,.hit.gemius.pl,Gemius,394.99974945335754,1,1,ignore
Gdyn,.hit.gemius.pl,Gemius,394.9997494532278,1,1,ignore
receive-cookie-deprecation,.hit.gemius.pl,Gemius,394.999749452767,1,1,ignore
__gfp_64b,.karaoketexty.cz,,394.99974902331,0,1,ignore
_awl,.karaoketexty.cz,,394.99974586358775,0,1,ignore
Gdynp,.hit.gemius.pl,Gemius,394.99974246115875,1,1,ignore
receive-cookie-deprecation,.hit.gemius.pl,Gemius,394.99974246048816,1,1,ignore
Gdynp,.hit.gemius.pl,Gemius,394.9997387963644,1,1,ignore
Gdyn,.hit.gemius.pl,Gemius,394.99973879615465,1,1,ignore
receive-cookie-deprecation,.hit.gemius.pl,Gemius,394.9997387956469,1,1,ignore
Gdynp,.hit.gemius.pl,Gemius,394.99973644602903,1,1,accept
Gdyn,.hit.gemius.pl,Gemius,394.99973644583315,1,1,accept
receive-cookie-deprecation,.hit.gemius.pl,Gemius,394.99973644505775,1,1,accept
__gfp_64b,.idos.cz,,394.9997345829148,0,1,ignore
Gdynp,.hit.gemius.pl,Gemius,394.9997322087818,1,1,ignore
Gdyn,.hit.gemius.pl,Gemius,394.999732208412,1,1,ignore
receive-cookie-deprecation,.hit.gemius.pl,Gemius,394.99973220764764,1,1,ignore
_pcid,.aktualne.cz,,394.9997309545041,0,1,reject
_pctx,.aktualne.cz,,394.9997309545041,0,1,reject
cX_P,.aktualne.cz,,394.9997309545041,0,1,reject
Gdynp,.hit.gemius.pl,Gemius,394.9997308804481,1,1,ignore
Gdyn,.hit.gemius.pl,Gemius,394.99973088028804,1,1,ignore
receive-cookie-deprecation,.hit.gemius.pl,Gemius,394.9997308796727,1,1,ignore
Gdynp,.hit.gemius.pl,Gemius,394.99972921033424,1,1,ignore
Gdyn,.hit.gemius.pl,Gemius,394.9997292096968,1,1,ignore
receive-cookie-deprecation,.hit.gemius.pl,Gemius,394.99972920907317,1,1,ignore
Gdynp,.hit.gemius.pl,Gemius,394.99972843300964,1,1,reject
Gdyn,.hit.gemius.pl,Gemius,394.9997284328689,1,1,reject
receive-cookie-deprecation,.hit.gemius.pl,Gemius,394.9997284323833,1,1,reject
_cb,.irozhlas.cz,,394.99972750664307,0,1,ignore
_chartbeat2,.irozhlas.cz,,394.99972750664307,0,1,ignore
__gfp_64b,.mesec.cz,,394.9997272754626,0,1,accept
__gfp_64b,.karaoketexty.cz,,394.99972726849495,0,1,reject
__gfp_64b,.penize.cz,,394.99972448847086,0,1,ignore
Gdynp,.hit.gemius.pl,Gemius,394.99972311406225,1,1,reject
Gdyn,.hit.gemius.pl,Gemius,394.99972311344965,1,1,reject
receive-cookie-deprecation,.hit.gemius.pl,Gemius,394.9997231118519,1,1,reject
__gfp_64b,.root.cz,,394.999722527972,0,1,ignore
Gdynp,.hit.gemius.pl,Gemius,394.99971701042796,1,1,accept
Gdyn,.hit.gemius.pl,Gemius,394.9997170102072,1,1,accept
receive-cookie-deprecation,.hit.gemius.pl,Gemius,394.9997170088302,1,1,accept
Gdynp,.hit.gemius.pl,Gemius,394.99971624284433,1,1,accept
Gdyn,.hit.gemius.pl,Gemius,394.99971624267323,1,1,accept
receive-cookie-deprecation,.hit.gemius.pl,Gemius,394.99971624201095,1,1,accept
Gdynp,.hit.gemius.pl,Gemius,394.99971606693333,1,1,ignore
Gdyn,.hit.gemius.pl,Gemius,394.9997160668174,1,1,ignore
receive-cookie-deprecation,.hit.gemius.pl,Gemius,394.99971606622967,1,1,ignore
cX_G,.centrum.cz,,394.9997138904863,0,1,reject
__gfp_64b,.podnikatel.cz,,394.99971183686347,0,1,reject
__gfp_64b,.lupa.cz,,394.99970983369207,0,1,accept
__gfp_64b,.root.cz,,394.9997087991072,0,1,accept
__gfp_64b,.cnews.cz,,394.99970851610107,0,1,ignore
_cb,.centrum.cz,,394.9997023164122,0,1,reject
_chartbeat2,.centrum.cz,,394.9997023164122,0,1,reject
_pcid,.centrum.cz,,394.9997023164122,0,1,reject
_pctx,.centrum.cz,,394.9997023164122,0,1,reject
cX_P,.centrum.cz,,394.9997023164122,0,1,reject
cX_G,.iprima.cz,,394.99970220651613,0,1,accept
Gdynp,.hit.gemius.pl,Gemius,394.9997004453369,1,1,ignore
Gdyn,.hit.gemius.pl,Gemius,394.9997004451989,1,1,ignore
receive-cookie-deprecation,.hit.gemius.pl,Gemius,394.99970044465255,1,1,ignore
__gfp_64b,.podnikatel.cz,,394.9996993153018,0,1,ignore
Gdynp,.hit.gemius.pl,Gemius,394.9996978096747,1,1,reject
Gdyn,.hit.gemius.pl,Gemius,394.99969780950084,1,1,reject
receive-cookie-deprecation,.hit.gemius.pl,Gemius,394.99969780899033,1,1,reject
Gdynp,.hit.gemius.pl,Gemius,394.99969560893874,1,1,accept
receive-cookie-deprecation,.hit.gemius.pl,Gemius,394.99969560820745,1,1,accept
Gdynp,.hit.gemius.pl,Gemius,394.99969474164146,1,1,accept
receive-cookie-deprecation,.hit.gemius.pl,Gemius,394.99969474093507,1,1,accept
_pcid,.iprima.cz,,394.9996906324421,0,1,accept
_pctx,.iprima.cz,,394.9996906324421,0,1,accept
cX_P,.iprima.cz,,394.9996906324421,0,1,accept
__gfp_64b,.root.cz,,394.9996891352645,0,1,reject
Gdynp,.hit.gemius.pl,Gemius,394.99968681582146,1,1,reject
receive-cookie-deprecation,.hit.gemius.pl,Gemius,394.99968681502395,1,1,reject
Gdynp,.hit.gemius.pl,Gemius,394.9996846367226,1,1,reject
Gdyn,.hit.gemius.pl,Gemius,394.9996846365487,1,1,reject
receive-cookie-deprecation,.hit.gemius.pl,Gemius,394.99968463503376,1,1,reject
__gfp_64b,.lupa.cz,,394.9996782476262,0,1,reject
Gdynp,.hit.gemius.pl,Gemius,394.9996719813071,1,1,reject
Gdyn,.hit.gemius.pl,Gemius,394.99967198118014,1,1,reject
receive-cookie-deprecation,.hit.gemius.pl,Gemius,394.99967198047375,1,1,reject
__gfp_64b,.cnews.cz,,394.9996659540275,0,1,reject
Gdynp,.hit.gemius.pl,Gemius,394.99966495090337,1,1,accept
Gdyn,.hit.gemius.pl,Gemius,394.99966495067156,1,1,accept
receive-cookie-deprecation,.hit.gemius.pl,Gemius,394.99966494962024,1,1,accept
Gdynp,.hit.gemius.pl,Gemius,394.9996646120013,1,1,accept
Gdyn,.hit.gemius.pl,Gemius,394.99966461186057,1,1,accept
receive-cookie-deprecation,.hit.gemius.pl,Gemius,394.99966461100513,1,1,accept
Gdynp,.hit.gemius.pl,Gemius,394.9996630942794,1,1,reject
receive-cookie-deprecation,.hit.gemius.pl,Gemius,394.99966309372473,1,1,reject
__gfp_64b,.podnikatel.cz,,394.9996624752327,0,1,accept
__gfp_64b,.cnews.cz,,394.999657799952,0,1,accept
_awl,.karaoketexty.cz,,394.9996540740519,0,1,reject
_cb,.irozhlas.cz,,394.99963995670277,0,1,accept
_chartbeat2,.irozhlas.cz,,394.99963995670277,0,1,accept
__gfp_64b,.lidovky.cz,,394.99963890231317,0,1,ignore
Gdynp,.hit.gemius.pl,Gemius,394.99963031431594,1,1,reject
Gdyn,.hit.gemius.pl,Gemius,394.9996303141669,1,1,reject
receive-cookie-deprecation,.hit.gemius.pl,Gemius,394.9996303135184,1,1,reject
Gdynp,.hit.gemius.pl,Gemius,394.99963026248747,1,1,reject
receive-cookie-deprecation,.hit.gemius.pl,Gemius,394.99963026185276,1,1,reject
Gdynp,.hit.gemius.pl,Gemius,394.9996283210869,1,1,accept
Gdyn,.hit.gemius.pl,Gemius,394.9996283209131,1,1,accept
receive-cookie-deprecation,.hit.gemius.pl,Gemius,394.99962832023147,1,1,accept
__gfp_64b,.mesec.cz,,394.9996254392824,0,1,reject
_cb,.irozhlas.cz,,394.9996239260529,0,1,reject
_chartbeat2,.irozhlas.cz,,394.9996239260529,0,1,reject
Gdynp,.hit.gemius.pl,Gemius,394.99962079665727,1,1,accept
Gdyn,.hit.gemius.pl,Gemius,394.9996207963896,1,1,accept
receive-cookie-deprecation,.hit.gemius.pl,Gemius,394.9996207956942,1,1,accept
_awl,.karaoketexty.cz,,394.99961881592867,0,1,accept
__gfp_64b,.e15.cz,,394.9996120240981,0,1,accept
Gdynp,.hit.gemius.pl,Gemius,394.999594478483,1,1,ignore
Gdyn,.hit.gemius.pl,Gemius,394.9995944778566,1,1,ignore
receive-cookie-deprecation,.hit.gemius.pl,Gemius,394.9995944771971,1,1,ignore
__gfp_64b,.lupa.cz,,394.99959275760307,0,1,ignore
__gfp_64b,.penize.cz,,394.99958823356366,0,1,accept
VISITOR_PRIVACY_METADATA,.youtube.com,Google,394.99955781092524,1,1,ignore
__Secure-YENID,.youtube.com,Google,394.9995578100588,1,1,ignore
Gdynp,.hit.gemius.pl,Gemius,394.99954884813894,1,1,accept
Gdyn,.hit.gemius.pl,Gemius,394.99954884801195,1,1,accept
receive-cookie-deprecation,.hit.gemius.pl,Gemius,394.9995488474904,1,1,accept
__Secure-YEC,.youtube.com,Google,394.99954623665525,1,1,ignore
__gfp_64b,.karaoketexty.cz,,394.999539637687,0,1,accept
__gfp_64b,.idnes.cz,,394.9994863014944,0,1,accept
__gfp_64b,.lidovky.cz,,394.99933610285876,0,1,reject
kndctr_DB71403D53BBF4B80A490D4C_AdobeOrg_identity,.csob.cz,,394.99909476124856,0,1,accept
Gdynp,.hit.gemius.pl,Gemius,394.99909192524296,1,1,accept
Gdyn,.hit.gemius.pl,Gemius,394.99909192450343,1,1,accept
receive-cookie-deprecation,.hit.gemius.pl,Gemius,394.9990919233914,1,1,accept
__gfp_64b,.ulekare.cz,,394.99908050376234,0,1,accept
SOCS,.google.com,Google,394.9990727345259,1,1,reject
VISITOR_PRIVACY_METADATA,.youtube.com,Google,394.9990670699433,1,1,reject
SOCS,.google.com,Google,394.99906423539477,1,1,accept
SOCS,.google.com,Google,394.99906417801975,1,1,accept
SOCS,.youtube.com,Google,394.99906414127184,1,1,accept
SOCS,.youtube.com,Google,394.9990640801412,1,1,reject
cjConsent,.lekarna.cz,,394.99905824600546,0,1,accept
__Secure-YEC,.youtube.com,Google,394.99891660648365,1,1,reject
__Secure-YENID,.youtube.com,Google,394.99889320741926,1,1,accept
bitoIsSecure,.bidr.io,,394.7914831106503,0,1,reject
bito,.bidr.io,,394.79148310868277,0,1,reject
_pk_id.1.1d19,mf.gov.cz,,392.999936583009,1,1,accept
_pk_id.8.2d49,www.cssz.cz,,392.99992551363454,1,1,ignore
TCPID,.csas.cz,,392.99980363920054,0,1,reject
TCPID,.csas.cz,,392.9997278870973,0,1,ignore
TCPID,.csas.cz,,392.99972302213035,0,1,ignore
_pk_id.8.2d49,www.cssz.cz,,392.99970857406106,1,1,ignore
TCPID,.csas.cz,,392.99969472599525,0,1,accept
_pk_id.8.2d49,www.cssz.cz,,392.99968807121394,1,1,reject
_pk_id.4.c15b,financnisprava.gov.cz,,392.9990781450465,1,1,accept
_pk_id.1.1d19,mf.gov.cz,,392.99906644918025,1,1,accept
TCPID,.csas.cz,,392.99900498211935,0,1,accept
TCPID,.csas.cz,,392.9989913617709,0,1,reject
_pk_id.8.2d49,www.cssz.cz,,392.9989539124651,1,1,accept
GAICA,.kurzy.cz,,392.3422580793638,0,1,ignore
GAICA,.kurzy.cz,,392.3421386329057,0,1,accept
GAICA,.kurzy.cz,,392.34205718459356,0,1,reject
uid,.criteo.com,Criteo,389.999996428658,1,1,ignore
IDE,.doubleclick.net,Google,389.9999896232839,1,1,ignore
uid,.criteo.com,Criteo,389.99998128911136,1,1,accept
IDE,.doubleclick.net,Google,389.9999504038526,1,1,accept
uid,.criteo.com,Criteo,389.99994648425667,1,1,accept
uid,.criteo.com,Criteo,389.99994193905206,1,1,ignore
IDE,.doubleclick.net,Google,389.9999351230457,1,1,accept
uid,.criteo.com,Criteo,389.99992954985964,1,1,reject
uid,.criteo.com,Criteo,389.99992941337877,1,1,accept
uid,.criteo.com,Criteo,389.9999205609135,1,1,ignore
IDE,.doubleclick.net,Google,389.9999200912841,1,1,accept
IDE,.doubleclick.net,Google,389.9999101239443,1,1,ignore
uid,.criteo.com,Criteo,389.99990975313443,1,1,reject
uid,.criteo.com,Criteo,389.9999014426161,1,1,ignore
uid,.criteo.com,Criteo,389.9998941040287,1,1,accept
FCCDCF,.karaoketexty.cz,,389.9998868942702,0,1,ignore
AMCV_DB71403D53BBF4B80A490D4C%40AdobeOrg,.csob.cz,,389.99988180984775,0,1,accept
FCCDCF,.karaoketexty.cz,,389.9998724385075,0,1,reject
IDE,.doubleclick.net,Google,389.9998649121738,1,1,accept
FCCDCF,.karaoketexty.cz,,389.9998639454058,0,1,accept
MUID,.bing.com,Microsoft,389.9998613312233,1,1,accept
TC_PRIVACY,.csas.cz,,389.9998567630323,0,1,accept
TC_PRIVACY_CENTER,.csas.cz,,389.9998567630323,0,1,accept
_uetvid,.datart.cz,,389.9998526114446,1,1,accept
FCCDCF,.csfd.cz,,389.9998499466203,0,1,ignore
TC_PRIVACY,.csas.cz,,389.99984993549685,0,1,reject
TC_PRIVACY_CENTER,.csas.cz,,389.99984993549685,0,1,reject
IDE,.doubleclick.net,Google,389.9998460219663,1,1,ignore
IDE,.doubleclick.net,Google,389.99983855465223,1,1,reject
uid,.criteo.com,Criteo,389.99982311282446,1,1,reject
IDE,.doubleclick.net,Google,389.99982005136434,1,1,reject
uid,.criteo.com,Criteo,389.99981627278856,1,1,accept
uid,.criteo.com,Criteo,389.99979826673587,1,1,accept
uid,.criteo.com,Criteo,389.99979415569317,1,1,ignore
FCCDCF,.kurzy.cz,,389.99979204454905,0,1,ignore
IDE,.doubleclick.net,Google,389.99976975543905,1,1,accept
FCCDCF,.csfd.cz,,389.9997600121879,0,1,reject
_lb_ccc,.benu.cz,,389.99975641405143,0,1,accept
_lb_id,.benu.cz,,389.99975641405143,0,1,accept
FCCDCF,.csfd.cz,,389.99975182374044,0,1,accept
IDE,.doubleclick.net,Google,389.9997461915402,1,1,ignore
uid,.criteo.com,Criteo,389.9997392729256,1,1,ignore
IDE,.doubleclick.net,Google,389.9997390214216,1,1,accept
FCCDCF,.karaoketexty.cz,,389.99972587516186,0,1,ignore
uid,.criteo.com,Criteo,389.99972149574097,1,1,reject
uid,.criteo.com,Criteo,389.9997081102458,1,1,accept
uid,.criteo.com,Criteo,389.9996972002641,1,1,accept
uid,.criteo.com,Criteo,389.9996920057524,1,1,reject
IDE,.doubleclick.net,Google,389.9996722873466,1,1,reject
FCCDCF,.kurzy.cz,,389.9996545221298,0,1,accept
FCCDCF,.kurzy.cz,,389.9996479096291,0,1,reject
FCCDCF,.karaoketexty.cz,,389.99963467590237,0,1,reject
FCCDCF,.karaoketexty.cz,,389.99956278583517,0,1,accept
uid,.criteo.com,Criteo,389.9995403028031,1,1,reject
IDE,.doubleclick.net,Google,389.99919052951316,1,1,accept
MUID,.bing.com,Microsoft,389.99914075214275,1,1,accept
_uetvid,.booking.com,,389.99912446415533,1,1,accept
uid,.criteo.com,Criteo,389.9991059685995,1,1,accept
MUID,.bing.com,Microsoft,389.99909662575084,1,1,accept
AMCV_DB71403D53BBF4B80A490D4C%40AdobeOrg,.csob.cz,,389.99908795478996,0,1,accept
IDE,.doubleclick.net,Google,389.9990855797104,1,1,accept
uid,.criteo.com,Criteo,389.99908408960533,1,1,accept
_uetvid,.pilulka.cz,,389.99908385737075,1,1,accept
MUID,.bing.com,Microsoft,389.9990759315756,1,1,accept
MUID,.bing.com,Microsoft,389.9990675736467,1,1,accept
TC_PRIVACY,.csas.cz,,389.99906080621537,0,1,reject
TC_PRIVACY_CENTER,.csas.cz,,389.99906080621537,0,1,reject
_uetvid,.benu.cz,,389.9990596493637,1,1,accept
_uetvid,.airbank.cz,,389.9990585287964,1,1,accept
TC_PRIVACY,.csas.cz,,389.99905127841566,0,1,accept
TC_PRIVACY_CENTER,.csas.cz,,389.99905127841566,0,1,accept
IDE,.doubleclick.net,Google,389.9990242327446,1,1,reject
IDE,.doubleclick.net,Google,389.99902262352686,1,1,accept
_lb_ccc,.benu.cz,,389.9990017789933,0,1,accept
_lb_id,.benu.cz,,389.9990017789933,0,1,accept
_advc_google,.kurzy.cz,,389.34227397633094,0,1,ignore
_advc_google,.kurzy.cz,,389.3421514690502,0,1,accept
_advc_google,.kurzy.cz,,389.34205505061203,0,1,reject
didomi_token,.zive.cz,,365.9999684769771,0,1,accept
didomi_token,.lupa.cz,,365.9999432612735,0,1,ignore
didomi_token,.iprima.cz,,365.99994206276756,0,1,accept
didomi_token,.root.cz,,365.99994186722296,0,1,accept
didomi_token,.cnews.cz,,365.9999357465627,0,1,accept
didomi_token,.cnews.cz,,365.9999357309827,0,1,reject
didomi_token,.iprima.cz,,365.99993017416585,0,1,reject
didomi_token,.e15.cz,,365.9999149793193,0,1,reject
didomi_token,.idnes.cz,,365.99990888026576,0,1,ignore
didomi_token,.idnes.cz,,365.99990886772946,0,1,accept
didomi_token,.lupa.cz,,365.9999084470835,0,1,accept
didomi_token,.zive.cz,,365.99989423661873,0,1,ignore
didomi_token,.blesk.cz,,365.9998908897324,0,1,accept
didomi_token,.denik.cz,,365.99989065744256,0,1,ignore
didomi_token,.lidovky.cz,,365.99988950638857,0,1,reject
didomi_token,.denik.cz,,365.99988687140245,0,1,reject
didomi_token,.csfd.cz,,365.9998859999522,0,1,reject
didomi_token,.e15.cz,,365.99988529311287,0,1,ignore
didomi_token,.zive.cz,,365.9998750104976,0,1,reject
didomi_token,.blesk.cz,,365.9998731222694,0,1,ignore
didomi_token,.csfd.cz,,365.9998698141895,0,1,ignore
didomi_token,.cnews.cz,,365.9998646559373,0,1,ignore
didomi_token,.centrum.cz,,365.99986391813667,0,1,ignore
didomi_token,.aktualne.cz,,365.99986314375093,0,1,ignore
didomi_token,.csfd.cz,,365.999841848587,0,1,accept
didomi_token,.aktualne.cz,,365.9998311612396,0,1,ignore
didomi_token,.lidovky.cz,,365.99982118159807,0,1,ignore
didomi_token,.podnikatel.cz,,365.99980348196846,0,1,ignore
didomi_token,.lidovky.cz,,365.9997960476743,0,1,accept
didomi_token,.centrum.cz,,365.9997942456962,0,1,accept
didomi_token,.blesk.cz,,365.9997785396543,0,1,reject
didomi_token,.mesec.cz,,365.99976635818405,0,1,ignore
didomi_token,.root.cz,,365.9997572501942,0,1,ignore
didomi_token,.lidovky.cz,,365.9997524452458,0,1,accept
didomi_token,.iprima.cz,,365.99975018146966,0,1,ignore
didomi_token,.csfd.cz,,365.9997457799536,0,1,ignore
didomi_token,.zive.cz,,365.9997395006126,0,1,reject
didomi_accept_cookie,.penize.cz,,365.9997360625449,0,1,ignore
didomi_token,.penize.cz,,365.9997360625449,0,1,ignore
didomi_accept_cookie,.extra.cz,,365.99973594207177,0,1,ignore
didomi_token,.extra.cz,,365.99973594207177,0,1,ignore
_vwo_uuid_v2,.bezrealitky.cz,,365.9997338311788,0,1,ignore
didomi_token,.lidovky.cz,,365.99973149490575,0,1,ignore
didomi_token,.iprima.cz,,365.99972494873737,0,1,reject
didomi_token,.denik.cz,,365.99972279606595,0,1,ignore
didomi_token,.zive.cz,,365.9997227576016,0,1,ignore
didomi_token,.cnews.cz,,365.9997200901751,0,1,ignore
didomi_token,.lupa.cz,,365.9997013957743,0,1,reject
didomi_token,.root.cz,,365.9997007093385,0,1,reject
didomi_token,.lupa.cz,,365.999698259618,0,1,accept
didomi_token,.denikn.cz,,365.9996922428961,0,1,ignore
didomi_accept_cookie,.extra.cz,,365.99969086239736,0,1,reject
didomi_token,.extra.cz,,365.99969086239736,0,1,reject
didomi_token,.centrum.cz,,365.99969074233815,0,1,reject
_vwo_uuid_v2,.bezrealitky.cz,,365.99969006011605,0,1,reject
didomi_token,.idnes.cz,,365.99968927783823,0,1,ignore
didomi_accept_cookie,.extra.cz,,365.9996848613548,0,1,accept
didomi_token,.extra.cz,,365.9996848613548,0,1,accept
didomi_token,.zive.cz,,365.999682416295,0,1,accept
didomi_token,.mesec.cz,,365.9996809791663,0,1,accept
didomi_token,.reflex.cz,,365.9996804545709,0,1,ignore
didomi_token,.root.cz,,365.99967407688496,0,1,accept
didomi_token,.cnews.cz,,365.9996659540275,0,1,reject
_vwo_uuid_v2,.bezrealitky.cz,,365.99966527383083,0,1,accept
didomi_token,.denik.cz,,365.9996633244692,0,1,reject
didomi_token,.aktualne.cz,,365.99965975054437,0,1,accept
didomi_token,.cnews.cz,,365.999657799952,0,1,accept
didomi_accept_cookie,.penize.cz,,365.9996572586094,0,1,reject
didomi_token,.penize.cz,,365.9996572586094,0,1,reject
didomi_token,.iprima.cz,,365.9996559102199,0,1,accept
didomi_token,.denik.cz,,365.9996531342025,0,1,accept
didomi_token,.csfd.cz,,365.99964765707375,0,1,accept
didomi_token,.blesk.cz,,365.9996451275823,0,1,reject
didomi_token,.csfd.cz,,365.99964427144715,0,1,reject
didomi_token,.mesec.cz,,365.9996254392824,0,1,reject
didomi_token,.e15.cz,,365.9996222213076,0,1,accept
didomi_token,.podnikatel.cz,,365.99961617893644,0,1,accept
didomi_token,.e15.cz,,365.9996120240981,0,1,accept
didomi_accept_cookie,.penize.cz,,365.99961138171176,0,1,accept
didomi_token,.penize.cz,,365.99961138171176,0,1,accept
didomi_token,.e15.cz,,365.999606041911,0,1,ignore
didomi_token,.lupa.cz,,365.9996043316772,0,1,ignore
didomi_token,.blesk.cz,,365.99960062173506,0,1,accept
didomi_token,.podnikatel.cz,,365.99959609612273,0,1,reject
didomi_token,.aktualne.cz,,365.9995920656152,0,1,reject
didomi_token,.idos.cz,,365.9995493977296,0,1,ignore
didomi_token,.idnes.cz,,365.9995391068635,0,1,reject
didomi_token,.lidovky.cz,,365.999532862118,0,1,reject
didomi_token,.idnes.cz,,365.99953259779073,0,1,accept
didomi_token,.reflex.cz,,365.99950835196785,0,1,accept
didomi_token,.denikn.cz,,365.99950737435233,0,1,reject
didomi_token,.blesk.cz,,365.999502939248,0,1,ignore
didomi_token,.idos.cz,,365.9994910857302,0,1,reject
didomi_token,.reflex.cz,,365.9994789524652,0,1,reject
didomi_token,.idos.cz,,365.9994617741886,0,1,accept
didomi_token,.denikn.cz,,365.9994256077541,0,1,accept
didomi_token,.e15.cz,,365.9993421008079,0,1,reject
CMSCookieUpdated,www.kb.cz,,365.0000114963204,0,1,accept
CMSCookieLevelValue,.kb.cz,,365.0000114960665,0,1,accept
CMSCookieLevel,www.kb.cz,,365.00001149546495,0,1,accept
